序号,姓名,地市,学校,成绩,备注,所属市
1,张博尧,哈尔滨市,平房区84中学,102,,哈尔滨市
2,丁薇,哈尔滨市,六十九联中,100,,哈尔滨市
3,谢赫,齐齐哈尔,天齐中学,95,,齐齐哈尔市
4,李昌硕,哈尔滨市,动力秋实中学,93,,哈尔滨市
5,左官抒,哈尔滨市,五十五中学,93,,哈尔滨市
6,单博文,哈尔滨市,南岗区十七中学,91.5,,哈尔滨市
7,赵世伟,黑河市,五大连池第一中学,91,,黑河市
8,王晨光,牡丹江,牡丹江九中,90,,牡丹江市
9,吴宇晨,哈尔滨市,德强中学,89.5,,哈尔滨市
10,付正昕,鸡西,鸡冠育才中学,88,,鸡西市
11,纪玉锶,齐齐哈尔,建华第三中学,88,,齐齐哈尔市
12,李雪羽,哈尔滨市,杨楚珊中学,88,,哈尔滨市
13,朱光宇,哈尔滨市,南岗区第69中学,85.5,,哈尔滨市
14,王松泉,哈尔滨市,萧红中学,83,,哈尔滨市
15,罗慧诚,伊春,八中,82,,伊春市
16,李雪飞,哈尔滨市,南岗区十七中学,81,,哈尔滨市
17,李智超,齐齐哈尔,富裕第二中学,81,,齐齐哈尔市
18,袁天夫,鸡西,树梁中学,81,,鸡西市
19,李雨萌,大庆,一中,80,,大庆市
20,于欣馨,省农场局,宝泉岭农场第一中学,80,,鹤岗市
21,赵维杰,哈尔滨市,阿城龙涤中学,80,,哈尔滨市
22,伍迪,大庆,三十中,79.5,,大庆市
23,刘峰,牡丹江,九中,78,,牡丹江市
24,莫丽,哈尔滨市,双城团结中学,78,,哈尔滨市
25,薛惠中,佳木斯,前进五中,77,,佳木斯市
26,于锦涛,齐齐哈尔,克东第二中学,77,,齐齐哈尔市
27,金光远,牡丹江,第九中学,76.5,,牡丹江市
28,王永天,哈尔滨市,呼兰县第五中学,76.5,,哈尔滨市
29,田川,绥化市,北林第四中学,76,,绥化市
30,王小雪,哈尔滨市,阿城第七中学,76,,哈尔滨市
31,徐驰,鹤岗,十三中学,76,,鹤岗市
32,赵琪,哈尔滨市,道里区第七十六中学,76,,哈尔滨市
33,韩立为,大兴安岭,加铁二中,75,,大兴安岭地区
34,王永恒,大庆,肇州一中,75,,大庆市
35,张石尧,黑河市,北安二中,75,,黑河市
36,张在洋,鸡西,鸡冠九中,75,,鸡西市
37,刘骁,牡丹江,爱民九中,73,,牡丹江市
38,宋博,绥化市,昌盛中学,73,,绥化市
39,张钊明,牡丹江,十一中学,73,,牡丹江市
40,王鹤桥,齐齐哈尔,二十三中,72,,齐齐哈尔市
41,蔡元纪,伊春,第三中学,71,,伊春市
42,赵泽宇,鸡西,城子河晨兴中学,71,,鸡西市
43,刘子阳,大庆,五十七中学,70,,大庆市
44,曲鹏,齐齐哈尔,三中,70,,齐齐哈尔市
45,任泓雨,双鸭山,岭东二中,70,,双鸭山市
46,李鹤,黑河市,北安八中,69,,黑河市
47,王达,哈尔滨市,德强中学,69,,哈尔滨市
48,熊巧丽,鸡西,鸡冠108中学,69,,鸡西市
49,高祯铎,哈尔滨市,动力秋实中学,68,,哈尔滨市
50,杨洪博,七台河,桃山公司二中,67,,七台河市
51,朱天旭,哈尔滨市,长城中学,67,,哈尔滨市
52,王福强,牡丹江,宁安三中,66.5,,牡丹江市
53,董佳鹏,牡丹江,水泥学校,66,,牡丹江市
54,刘健,绥化市,北林二中,66,,绥化市
55,马玉海,佳木斯,莲江口镇中学,66,,佳木斯市
56,杨坤,大庆,景园中学,66,,大庆市
57,张秋实,哈尔滨市,十七中学,66,,哈尔滨市
58,姜皓天,鸡西,密山实验中学,65,,鸡西市
59,李智超,佳木斯,向阳中学,65,,佳木斯市
60,白春辉,齐齐哈尔,龙沙风华中学,64,,齐齐哈尔市
61,龚继铭,大庆,肇州三中,64,,大庆市
62,郎钰泽,佳木斯,永红第三中学,64,,佳木斯市
63,卢俊凯,牡丹江,第十四中学,64,,牡丹江市
64,孙星河,齐齐哈尔,建华二十八中学,64,,齐齐哈尔市
65,温肖楠,哈尔滨市,十七中学,64,,哈尔滨市
66,朱丛琳,大兴安岭,加区四中,63,,大兴安岭地区
67,朱诗寻,大庆,二十三中,63,,大庆市
68,刘霄,齐齐哈尔,齐车集团第三中学,62.5,,齐齐哈尔市
69,单超,伊春,第六中学,62,,伊春市
70,于子集,大庆,三十六中学,62,,大庆市
71,张贺,齐齐哈尔,讷河三中,62,,齐齐哈尔市
72,贾振铎,牡丹江,九中,61,,牡丹江市
73,兰传金,伊春,朗乡第一中学,61,,伊春市
74,李文博,绥化市,海伦三中,61,,绥化市
75,刘,大庆,一中,61,,大庆市
76,刘翔宇,大庆,四十六中学,61,,大庆市
77,宋磊,佳木斯,永红区二十中,61,,佳木斯市
78,王添琪,鸡西,鸡冠十九中学,61,,鸡西市
79,朱欣悦,哈尔滨市,动力秋实中学,61,,哈尔滨市
80,曹家铭,大庆,十九中,60,,大庆市
81,李晨,鸡西矿务局,城子河正阳矿中,60,,鸡西市
82,王荣郦,双鸭山,铙河县二中,60,,双鸭山市
83,翟广宇,哈尔滨市,萧红中学,60,,哈尔滨市
84,周野,大庆,四十二中,60,,大庆市
85,蒋承龙,哈尔滨市,松雷中学,59,,哈尔滨市
86,李健彬,鸡西,鸡冠第一中学,59,,鸡西市
87,李文博,鸡西,虎林一中,59,,鸡西市
88,任大鹏,哈尔滨市,萧红中学,59,,哈尔滨市
89,徐,齐齐哈尔,三中,59,,齐齐哈尔市
90,于超,佳木斯,前进第五中学,59,,佳木斯市
91,张铭,绥化市,海伦三中,59,,绥化市
92,王凯昊,佳木斯,永红二十中,58,,佳木斯市
93,卫鑫,哈尔滨市,三联中学,58,,哈尔滨市
94,安承男,哈尔滨市,德强中学,57,,哈尔滨市
95,陈宇,农垦总局,八一农大附中,57,,鸡西市
96,范大伟,哈尔滨市,松雷中学,57,,哈尔滨市
97,金龙,哈尔滨市,萧红中学,57,,哈尔滨市
98,乔越,佳木斯,第五中学,57,,佳木斯市
99,孙瑞丰,牡丹江,六中,57,,牡丹江市
100,王作为,牡丹江,穆棱四中,57,,牡丹江市
101,相羽,伊春,带岭第二中学,57,,伊春市
102,衣家良,哈尔滨市,113中学,57,,哈尔滨市
103,张振雨,省农场局,宝泉岭农场第一中学,57,,鹤岗市
104,马英,省农场总局,牡丹江8510农场中学,56.5,,牡丹江市
105,赵天昊,齐齐哈尔,第二十三中学,56.5,,齐齐哈尔市
106,李宏智,佳木斯,东风造纸中学,56,,佳木斯市
107,刘珂鑫,哈尔滨市,三联中学,56,,哈尔滨市
108,孙自良,哈尔滨市,南岗萧红中学,56,,哈尔滨市
109,王东滨,哈尔滨市,动力秋实中学,56,,哈尔滨市
110,王连洲,省森工总局,海林林业一中,56,,牡丹江市
111,王识,齐齐哈尔,建华第三中学,56,,齐齐哈尔市
112,张志洋,哈尔滨市,道里113中学,56,,哈尔滨市
113,任竞怡,大庆,一中,55,,大庆市
114,史立凯,双鸭山,第五中学,55,,双鸭山市
115,韩玉臣,牡丹江,十四中,54,,牡丹江市
116,任瀚宇,牡丹江,十六中学,54,,牡丹江市
117,王鹏宇,齐齐哈尔,三十四中,54,,齐齐哈尔市
118,殷冠男,绥化市,绥棱第五中学,54,,绥化市
119,张阳,大庆,二十五中,54,,大庆市
120,赵鑫,省农场局,五九七农场四中,54,,双鸭山市
121,刘迪,大庆,五十一中,53,,大庆市
122,刘思奇,大庆,六十九中学,53,,大庆市
123,施政,伊春,第六中学,53,,伊春市
124,白婧,齐齐哈尔,二十八中,52,,齐齐哈尔市
125,陈鑫,省农场总局,八五二农场南中,52,,双鸭山市
126,王凡,绥化市,肇东八中,52,,绥化市
127,胡越峰,齐齐哈尔,三十四中,51,,齐齐哈尔市
128,王帅,双鸭山,尖山三十二中,51,,双鸭山市
129,尹继文,哈尔滨市,尚志苇河中学,51,,哈尔滨市
130,展召敏,哈尔滨市,双城团结一中,51,,哈尔滨市
131,张秋明,绥化市,北林六中,51,,绥化市
132,国力文,双鸭山,尖山区三十二中,50,,双鸭山市
133,李鹏飞,黑河市,五大连池第一中学,50,,黑河市
134,李群龙,大兴安岭,新林三中,50,,大兴安岭地区
135,林茂茂,伊春,八中,50,,伊春市
136,王广通,哈尔滨市,南岗区第六十一中学,50,,哈尔滨市
137,魏然,大庆,一中,50,,大庆市
138,唐凯,哈尔滨市,木兰第一中学,49.5,,哈尔滨市
139,侯杰超,大庆,一中,49,,大庆市
140,侯捷,哈尔滨市,阿城七中,49,,哈尔滨市
141,王得奕,鸡西矿务局,局一中,49,,鸡西市
142,于洋,齐齐哈尔,克山西联中学,49,,齐齐哈尔市
143,陶冶,齐齐哈尔,泰来县江桥中学,48,,齐齐哈尔市
144,于勇男,大庆,肇源四中,48,,大庆市
145,朱晨,鸡西,鸡冠树梁中学,48,,鸡西市
146,梁晨,大庆,一中,47,,大庆市
147,郑寻,绥化市,兰西崇文实验中学,47,,绥化市
148,周廷英,齐齐哈尔,龙沙三十四中,47,,齐齐哈尔市
149,潘亮,省农场总局,密山农垦子弟学校,46,,鸡西市
150,王元博,哈尔滨市,南岗区萧红中学,46,,哈尔滨市
151,尹春,伊春,第八中学,46,,伊春市
152,张阳,鸡西,密山第二中学,46,,鸡西市
153,任也,鹤岗,四中,45.5,,鹤岗市
154,陈思,绥化市,望奎四中,45,,绥化市
155,陈永昕,齐齐哈尔,龙沙二十中学,45,,齐齐哈尔市
156,高仲,伊春,第八中学,45,,伊春市
157,郝鹏,双鸭山,尖山一中附属中学,45,,双鸭山市
158,孙宏达,省森工总局,沾河林业局一中,45,,鸡西市
159,张哲宁,齐齐哈尔,讷河通南学校,45,,齐齐哈尔市
160,任梦轩,鸡西矿务局,鸡西矿务局一中,44,,鸡西市
161,石玉丰,佳木斯,永红区二十中,44,,佳木斯市
162,王志国,黑河市,第五中学,44,,黑河市
163,杨鹏超,哈尔滨市,道外107中学,44,,哈尔滨市
164,林之恒,哈尔滨市,107中学,43,,哈尔滨市
165,闫煦,鹤岗,十七中学,43,,鹤岗市
166,于飞,黑河市,二中,43,,黑河市
167,周宇（小,齐齐哈尔,铁锋二十九中,43,,齐齐哈尔市
168,王海鹏,哈尔滨市,尚志市三中,42.5,,哈尔滨市
169,白欧,鸡西,鸡冠树梁中学,42,,鸡西市
170,何欣,大庆,第八中学,42,,大庆市
171,黄成琳,齐齐哈尔,铁路第六中学,42,,齐齐哈尔市
172,苏琳,鸡西,鸡冠培英中学,42,,鸡西市
173,袁帅,伊春,第八中学,42,,伊春市
174,高明明,齐齐哈尔,富裕第二中学,41,,齐齐哈尔市
175,刘向阳,鹤岗,峻德中学,41,,鹤岗市
176,温博,哈尔滨市,德强中学,41,,哈尔滨市
177,张令磊,农场总局,赵光农场中学,41,,黑河市
178,张绥阳,绥化市,北林区二中,41,,绥化市
179,崔健,大庆,六十九中学,40,,大庆市
180,单钊,绥化市,海伦七中,40,,绥化市
181,关思怡,哈尔滨市,双城市第八中学,40,,哈尔滨市
182,姜龙飞,伊春,八中,40,,伊春市
183,李武,哈尔滨市,动力量中,40,,哈尔滨市
184,孙博研,哈尔滨市,哈铁二中,40,,哈尔滨市
185,孙久红,绥化市,肇东八中,40,,绥化市
186,谢昭涵,大庆,四十四中,40,,大庆市
187,张海薇,哈尔滨市,呼兰第四中学,40,,哈尔滨市
188,张平,伊春,八中,40,,伊春市
189,张晓东,黑河市,北安二中,40,,黑河市
190,赵志刚,哈尔滨市,太平八十七中学,40,,哈尔滨市
191,柴吴尽,双鸭山,尖山区三十二中,39,,双鸭山市
192,田智洲,齐齐哈尔,红岸中学,39,,齐齐哈尔市
193,于鹏,省森工总局,鹤北林厂一中,39,,鹤岗市
194,张震寰,哈尔滨市,太平三联中学,39,,哈尔滨市
195,周盛龙,哈尔滨市,六十九中学,39,,哈尔滨市
196,董欣,哈尔滨市,阿城第七中学,38,,哈尔滨市
197,刘天奇,哈尔滨市,呼兰八中,38,,哈尔滨市
198,于卓,大庆,景园中学,38,,大庆市
199,林津函,鹤岗,十七中学,37,,鹤岗市
200,刘钊岐,哈尔滨市,木兰第二中学,37,,哈尔滨市
201,孟超,农场总局,北安赵光农场初中,37,,黑河市
202,王婉莹,省农场总局,红兴隆局直中学,37,,双鸭山市
203,蔡翔,齐齐哈尔,车辆厂三中,36,,齐齐哈尔市
204,李荣兴,大兴安岭,大兴安岭育才中学,36,,大兴安岭地区
205,刘洋,齐齐哈尔,建华区二中,36,,齐齐哈尔市
206,孙斯亮,大庆,一中,36,,大庆市
207,岳承志,七台河,桃山雪松中学,36,,七台河市
208,赵倩莹,牡丹江,十七中学,36,,牡丹江市
209,窦广宇,伊春,第八中学,35,,伊春市
210,李端,七台河,桃山区逸夫中学,35,,七台河市
211,李实,齐齐哈尔,一重二中,35,,齐齐哈尔市
212,邱琳,大庆,六十一中,35,,大庆市
213,徐伟,农场总局,新华农场中学,35,,鹤岗市
214,张大山,哈尔滨市,亚布力中学,35,,哈尔滨市
215,娄星,伊春,六中,34,,伊春市
216,黄德民,省农场总局,牡农垦分局机关子弟校,33,,牡丹江市
217,李昆鹏,齐齐哈尔,龙江七棵树中学,33,,齐齐哈尔市
218,欧重阳,齐齐哈尔,讷河五中,32,,齐齐哈尔市
219,孙宇,省森工总局,东京城林业局一中,32,,鸡西市
220,王继辉,大庆,二十四中,32,,大庆市
221,王倪倪,鸡西,虎林一中,32,,鸡西市
222,周伟伟,绥化市,肇东八中,32,,绥化市
223,高大伟,绥化市,绥棱第二中学,31,,绥化市
224,黄欣,齐齐哈尔,龙沙二十中,31,,齐齐哈尔市
225,李显超,齐齐哈尔,富拉尔基阳光学校,31,,齐齐哈尔市
226,孙鹏,佳木斯,五中,31,,佳木斯市
227,王智,省森工总局,柴林第四中学,31,,牡丹江市
228,姚德清,大兴安岭,加铁三中,31,,大兴安岭地区
229,沈晓鹏,大庆,肇洲一中,30.5,,大庆市
230,孙天宇,哈尔滨市,南岗156中学,30.5,,哈尔滨市
231,韩翰,哈尔滨市,阿城第六中学,30,,哈尔滨市
232,梁景怡,佳木斯,行知中学,30,,佳木斯市
233,雷卓,哈尔滨市,哈尔滨市十七中,29.5,,哈尔滨市
234,苍松瑞,哈尔滨市,双城市第七中学,29,,哈尔滨市
235,韩冰,齐齐哈尔,铁路分局第五中学,29,,齐齐哈尔市
236,蒋祝巍,农垦总局,宝泉岭局直中学,29,,鹤岗市
237,刘卓,哈尔滨市,第113中学,29,,哈尔滨市
238,崔晶,牡丹江,绥阳一中,28,,牡丹江市
239,张大华,齐齐哈尔,依安庆丰中学,28,,齐齐哈尔市
240,常麒麟,省农场总局,尾山农场中学,27,,黑河市
241,李月,绥化市,肇东第八中学,27,,绥化市
242,孙竹,齐齐哈尔,龙沙三十四中学,27,,齐齐哈尔市
243,滕潘,齐齐哈尔,铁锋六中,27,,齐齐哈尔市
244,殷风威,鸡西,鸡东哈达中学,27,,鸡西市
245,吕莹,齐齐哈尔,讷河实验学校,26.5,,齐齐哈尔市
246,陈韦江,鸡西,鸡冠育才中学,26,,鸡西市
247,陈瑞龙,绥化市,北林第三中学,25,,绥化市
248,马云峰,七台河,中心河中学,25,,七台河市
249,聂圣龙,黑河市,北安二中,25,,黑河市
250,申思,大兴安岭,实验中学,25,,大兴安岭地区
251,应迪,大庆,一中,25,,大庆市
252,刘忠华,省森工总局,大海林林业局一中,24,,鸡西市
253,贾振宇,哈尔滨市,动力秋实中学,23,,哈尔滨市
254,赵磊,省农场局,八五三农场清河二中,23,,双鸭山市
255,娄建宇,省林业总局,东方红林场二中,22,,鸡西市
256,李丰南,绥化市,肇东五里明三中,21,,绥化市
257,于国强,绥化市,明水通达二中,21,,绥化市
258,韩磊,鹤岗,兴安二中,20,,鹤岗市
259,李楠,齐齐哈尔,甘南第三中学,19,,齐齐哈尔市
260,卢子元,鸡西,四中,19,,鸡西市
261,孙艺菲,大庆,一中,19,,大庆市
262,张政,省农场总局,鸡东八五一0农场中学,18,,鸡西市
263,朱之鹏,双鸭山,岭东二中,18,,双鸭山市
264,李唯一,齐齐哈尔,风华中学,17,,齐齐哈尔市
265,张申,鸡西,鸡东东海中学,17,,鸡西市
266,李冬智,伊春,六中,16,,伊春市
267,姜有志,大兴安岭,加铁二中,13,,大兴安岭地区
268,张茂勇,绥化市,四方台二中,13,,绥化市
270,周序羽,鹤岗矿务局,初级中学,6,,鹤岗市
