序号,姓名,录取院校,来源页
1,王天居,清华大学,web.archive.org/web/20060712034550/http://yz.dqt.com.cn/flack/zbsg.asp
2,张艳琦,清华大学,web.archive.org/web/20060712034550/http://yz.dqt.com.cn/flack/zbsg.asp
3,刘苏洋,清华大学,web.archive.org/web/20060712034550/http://yz.dqt.com.cn/flack/zbsg.asp
4,王冕,清华大学,web.archive.org/web/20060712034550/http://yz.dqt.com.cn/flack/zbsg.asp
5,许智菲,北京大学,web.archive.org/web/20060712034550/http://yz.dqt.com.cn/flack/zbsg.asp
6,耿赫,北京大学,web.archive.org/web/20060712034550/http://yz.dqt.com.cn/flack/zbsg.asp
7,孙磊,浙江大学,web.archive.org/web/20060712034550/http://yz.dqt.com.cn/flack/zbsg.asp
8,徐曼,浙江大学,web.archive.org/web/20060712034550/http://yz.dqt.com.cn/flack/zbsg.asp
9,宋楠,浙江大学,web.archive.org/web/20060712034550/http://yz.dqt.com.cn/flack/zbsg.asp
10,赵伟洪,南开大学,web.archive.org/web/20060712034550/http://yz.dqt.com.cn/flack/zbsg.asp
11,周庚,中国人民大学,web.archive.org/web/20060712034550/http://yz.dqt.com.cn/flack/zbsg.asp
12,冷珊,中国人民大学,web.archive.org/web/20060712034550/http://yz.dqt.com.cn/flack/zbsg.asp
13,许雪丽,中国人民大学,web.archive.org/web/20060712034550/http://yz.dqt.com.cn/flack/zbsg.asp
14,王绵博,中国人民大学,web.archive.org/web/20060712034550/http://yz.dqt.com.cn/flack/zbsg.asp
15,于琦,中国人民大学,web.archive.org/web/20060712034550/http://yz.dqt.com.cn/flack/zbsg.asp
16,刘戈夫,中国人民大学,web.archive.org/web/20060712034550/http://yz.dqt.com.cn/flack/zbsg.asp
17,王宇翔,中国科学技术大学,web.archive.org/web/20060712034550/http://yz.dqt.com.cn/flack/zbsg.asp
18,陈成顺,上海交通大学,web.archive.org/web/20060712034550/http://yz.dqt.com.cn/flack/zbsg.asp
19,杨婷旭,上海交通大学,web.archive.org/web/20060712034550/http://yz.dqt.com.cn/flack/zbsg.asp
20,张彪,上海交通大学,web.archive.org/web/20060712034550/http://yz.dqt.com.cn/flack/zbsg.asp
21,万全,上海交通大学,web.archive.org/web/20060712034550/http://yz.dqt.com.cn/flack/zbsg.asp
22,刘科举,天津大学,web.archive.org/web/20060712034550/http://yz.dqt.com.cn/flack/zbsg.asp
23,张济龙,天津大学,web.archive.org/web/20060712034550/http://yz.dqt.com.cn/flack/zbsg.asp
24,常玉琨,天津大学,web.archive.org/web/20060712034550/http://yz.dqt.com.cn/flack/zbsg.asp
25,楚天舒,天津大学,web.archive.org/web/20060712034550/http://yz.dqt.com.cn/flack/zbsg.asp
26,柴旭,天津大学,web.archive.org/web/20060712034550/http://yz.dqt.com.cn/flack/zbsg.asp
27,段宇虹,天津大学,web.archive.org/web/20060712034550/http://yz.dqt.com.cn/flack/zbsg.asp
28,郑宇,上海同济大学,web.archive.org/web/20060712034550/http://yz.dqt.com.cn/flack/zbsg.asp
29,曲春旭,上海同济大学,web.archive.org/web/20060712034550/http://yz.dqt.com.cn/flack/zbsg.asp
30,王宇,上海同济大学,web.archive.org/web/20060712034550/http://yz.dqt.com.cn/flack/zbsg.asp
31,王铮,上海同济大学,web.archive.org/web/20060712034550/http://yz.dqt.com.cn/flack/zbsg.asp
32,高学智,上海同济大学,web.archive.org/web/20060712034550/http://yz.dqt.com.cn/flack/zbsg.asp
33,李龙飞,北京航空航天大学,web.archive.org/web/20060712034550/http://yz.dqt.com.cn/flack/zbsg.asp
34,臧狄,北京航空航天大学,web.archive.org/web/20060712034550/http://yz.dqt.com.cn/flack/zbsg.asp
35,辛克穷,北京航空航天大学,web.archive.org/web/20060712034550/http://yz.dqt.com.cn/flack/zbsg.asp
36,徐睿,北京航空航天大学,web.archive.org/web/20060712034550/http://yz.dqt.com.cn/flack/zbsg.asp
37,姚乐海,北京航空航天大学,web.archive.org/web/20060712034550/http://yz.dqt.com.cn/flack/zbsg.asp
38,张珅,北京航空航天大学,web.archive.org/web/20060712034550/http://yz.dqt.com.cn/flack/zbsg.asp
39,杨海丽,吉林大学,web.archive.org/web/20060712034550/http://yz.dqt.com.cn/flack/zbsg.asp
40,戴天一,吉林大学,web.archive.org/web/20060712034550/http://yz.dqt.com.cn/flack/zbsg.asp
41,王轩,吉林大学,web.archive.org/web/20060712034550/http://yz.dqt.com.cn/flack/zbsg.asp
42,毛圆圆,吉林大学,web.archive.org/web/20060712034550/http://yz.dqt.com.cn/flack/zbsg.asp
43,徐静,吉林大学,web.archive.org/web/20060712034550/http://yz.dqt.com.cn/flack/zbsg.asp
44,贾宏峰,吉林大学,web.archive.org/web/20060712034550/http://yz.dqt.com.cn/flack/zbsg.asp
45,李钊,吉林大学,web.archive.org/web/20060712034550/http://yz.dqt.com.cn/flack/zbsg.asp
46,韩阳,吉林大学,web.archive.org/web/20060712034550/http://yz.dqt.com.cn/flack/zbsg.asp
47,孙天元,吉林大学,web.archive.org/web/20060712034550/http://yz.dqt.com.cn/flack/zbsg.asp
48,王博,北京师范大学,web.archive.org/web/20060712034550/http://yz.dqt.com.cn/flack/zbsg.asp
49,穆丹,北京师范大学,web.archive.org/web/20060712034550/http://yz.dqt.com.cn/flack/zbsg.asp
50,袁昱婷,北京师范大学,web.archive.org/web/20060712034550/http://yz.dqt.com.cn/flack/zbsg.asp
51,祁思言,北京师范大学,web.archive.org/web/20060712034550/http://yz.dqt.com.cn/flack/zbsg.asp
52,李思思,北京师范大学,web.archive.org/web/20060712034550/http://yz.dqt.com.cn/flack/zbsg.asp
53,李宗洪,北京师范大学,web.archive.org/web/20060712034550/http://yz.dqt.com.cn/flack/zbsg.asp
54,刘涵,北京师范大学,web.archive.org/web/20060712034550/http://yz.dqt.com.cn/flack/zbsg.asp
55,刘义博,北京师范大学,web.archive.org/web/20060712034550/http://yz.dqt.com.cn/flack/zbsg.asp
56,徐鹏,北京师范大学,web.archive.org/web/20060712034550/http://yz.dqt.com.cn/flack/zbsg.asp
57,孙若阳,北京外国语大学,web.archive.org/web/20060712034550/http://yz.dqt.com.cn/flack/zbsg.asp
58,胡琦睿,北京外国语大学,web.archive.org/web/20060712034550/http://yz.dqt.com.cn/flack/zbsg.asp
59,付磊,北京外国语大学,web.archive.org/web/20060712034550/http://yz.dqt.com.cn/flack/zbsg.asp
60,刘臣,北京理工大学,web.archive.org/web/20060712034550/http://yz.dqt.com.cn/flack/zbsg.asp
61,吴昊旻,北京交通大学,web.archive.org/web/20060712034550/http://yz.dqt.com.cn/flack/zbsg.asp
62,王杉,北京交通大学,web.archive.org/web/20060712034550/http://yz.dqt.com.cn/flack/zbsg.asp
63,佘禹进,北京交通大学,web.archive.org/web/20060712034550/http://yz.dqt.com.cn/flack/zbsg.asp
64,邓伊岚,北京交通大学,web.archive.org/web/20060712034550/http://yz.dqt.com.cn/flack/zbsg.asp
65,高默,北京交通大学,web.archive.org/web/20060712034550/http://yz.dqt.com.cn/flack/zbsg.asp
66,刘天宇,北京交通大学,web.archive.org/web/20060712034550/http://yz.dqt.com.cn/flack/zbsg.asp
67,梁爽,北京科技大学,web.archive.org/web/20060712034550/http://yz.dqt.com.cn/flack/zbsg.asp
68,慧晓旭,北京林业大学,web.archive.org/web/20060712034550/http://yz.dqt.com.cn/flack/zbsg.asp
69,郑菲菲,北京林业大学,web.archive.org/web/20060712034550/http://yz.dqt.com.cn/flack/zbsg.asp
70,罗茜,北京林业大学,web.archive.org/web/20060712034550/http://yz.dqt.com.cn/flack/zbsg.asp
71,周向宇,北京林业大学,web.archive.org/web/20060712034550/http://yz.dqt.com.cn/flack/zbsg.asp
72,金晨,北京林业大学,web.archive.org/web/20060712034550/http://yz.dqt.com.cn/flack/zbsg.asp
73,陶政宇,中央美术学院,web.archive.org/web/20060712034550/http://yz.dqt.com.cn/flack/zbsg.asp
74,赵鑫,中央美术学院,web.archive.org/web/20060712034550/http://yz.dqt.com.cn/flack/zbsg.asp
75,刘佳,中央美术学院,web.archive.org/web/20060712034550/http://yz.dqt.com.cn/flack/zbsg.asp
76,黄姝,中央美术学院,web.archive.org/web/20060712034550/http://yz.dqt.com.cn/flack/zbsg.asp
77,张铎瀚,中央戏剧学院,web.archive.org/web/20060712034550/http://yz.dqt.com.cn/flack/zbsg.asp
78,刘成峰,中国戏曲学院,web.archive.org/web/20060712034550/http://yz.dqt.com.cn/flack/zbsg.asp
79,郑莹,中国戏曲学院,web.archive.org/web/20060712034550/http://yz.dqt.com.cn/flack/zbsg.asp
80,宗晓旺,中国政法大学,web.archive.org/web/20060712034550/http://yz.dqt.com.cn/flack/zbsg.asp
81,徐丹,中国石油大学,web.archive.org/web/20060712034550/http://yz.dqt.com.cn/flack/zbsg.asp
82,迟柳明,中国传媒大学,web.archive.org/web/20060712034550/http://yz.dqt.com.cn/flack/zbsg.asp
83,王可欣,中国传媒大学,web.archive.org/web/20060712034550/http://yz.dqt.com.cn/flack/zbsg.asp
84,张慧,中国传媒大学,web.archive.org/web/20060712034550/http://yz.dqt.com.cn/flack/zbsg.asp
85,张婷婷,中国传媒大学,web.archive.org/web/20060712034550/http://yz.dqt.com.cn/flack/zbsg.asp
86,张一博,中国传媒大学,web.archive.org/web/20060712034550/http://yz.dqt.com.cn/flack/zbsg.asp
87,李昱静,中国地质大学,web.archive.org/web/20060712034550/http://yz.dqt.com.cn/flack/zbsg.asp
88,孙超,中国地质大学,web.archive.org/web/20060712034550/http://yz.dqt.com.cn/flack/zbsg.asp
89,岳晋充,中国地质大学,web.archive.org/web/20060712034550/http://yz.dqt.com.cn/flack/zbsg.asp
90,薛佳佳,中国地质大学,web.archive.org/web/20060712034550/http://yz.dqt.com.cn/flack/zbsg.asp
91,郭丽娜,中国地质大学,web.archive.org/web/20060712034550/http://yz.dqt.com.cn/flack/zbsg.asp
92,赵莹,中国海洋大学,web.archive.org/web/20060712034550/http://yz.dqt.com.cn/flack/zbsg.asp
93,陈婉,中国计量学院,web.archive.org/web/20060712034550/http://yz.dqt.com.cn/flack/zbsg.asp
94,刘岳,中国矿业大学,web.archive.org/web/20060712034550/http://yz.dqt.com.cn/flack/zbsg.asp
95,罗胜,中国矿业大学,web.archive.org/web/20060712034550/http://yz.dqt.com.cn/flack/zbsg.asp
96,徐雪婷,中国民用航空学院,web.archive.org/web/20060712034550/http://yz.dqt.com.cn/flack/zbsg.asp
97,张彦西,中国农业大学,web.archive.org/web/20060712034550/http://yz.dqt.com.cn/flack/zbsg.asp
98,高嵩,中国农业大学,web.archive.org/web/20060712034550/http://yz.dqt.com.cn/flack/zbsg.asp
99,杨涛,中国人民解放军信息工程大学,web.archive.org/web/20060712034550/http://yz.dqt.com.cn/flack/zbsg.asp
100,单丹,中国青年政治学院,web.archive.org/web/20060712034550/http://yz.dqt.com.cn/flack/zbsg.asp
101,国继超,哈尔滨工业大学,web.archive.org/web/20060712034550/http://yz.dqt.com.cn/flack/zbsg.asp
102,赵越,哈尔滨工业大学,web.archive.org/web/20060712034550/http://yz.dqt.com.cn/flack/zbsg.asp
103,张潇,哈尔滨工业大学,web.archive.org/web/20060712034550/http://yz.dqt.com.cn/flack/zbsg.asp
104,刘竞遥,哈尔滨工业大学,web.archive.org/web/20060712034550/http://yz.dqt.com.cn/flack/zbsg.asp
105,宋广研,哈尔滨工业大学,web.archive.org/web/20060712034550/http://yz.dqt.com.cn/flack/zbsg.asp
106,邢岩江,哈尔滨工业大学,web.archive.org/web/20060712034550/http://yz.dqt.com.cn/flack/zbsg.asp
107,曾浩,哈尔滨工业大学,web.archive.org/web/20060712034550/http://yz.dqt.com.cn/flack/zbsg.asp
108,叶婉婧,哈尔滨工业大学,web.archive.org/web/20060712034550/http://yz.dqt.com.cn/flack/zbsg.asp
109,陈超,哈尔滨工业大学,web.archive.org/web/20060712034550/http://yz.dqt.com.cn/flack/zbsg.asp
110,金璐,哈尔滨工业大学,web.archive.org/web/20060712034550/http://yz.dqt.com.cn/flack/zbsg.asp
111,王天明,哈尔滨工业大学,web.archive.org/web/20060712034550/http://yz.dqt.com.cn/flack/zbsg.asp
112,刘博源,哈尔滨工业大学,web.archive.org/web/20060712034550/http://yz.dqt.com.cn/flack/zbsg.asp
113,孙阳,哈尔滨工业大学,web.archive.org/web/20060712034550/http://yz.dqt.com.cn/flack/zbsg.asp
114,杨帆,哈尔滨工业大学,web.archive.org/web/20060712034550/http://yz.dqt.com.cn/flack/zbsg.asp
115,高锦钰,哈尔滨工业大学,web.archive.org/web/20060712034550/http://yz.dqt.com.cn/flack/zbsg.asp
116,王也,哈尔滨工业大学,web.archive.org/web/20060712034550/http://yz.dqt.com.cn/flack/zbsg.asp
117,孙文壁,哈尔滨工业大学,web.archive.org/web/20060712034550/http://yz.dqt.com.cn/flack/zbsg.asp
118,吕柠宇,哈尔滨工业大学,web.archive.org/web/20060712034550/http://yz.dqt.com.cn/flack/zbsg.asp
119,王玉思宇,哈尔滨工业大学,web.archive.org/web/20060712034550/http://yz.dqt.com.cn/flack/zbsg.asp
120,李默园,哈尔滨工业大学,web.archive.org/web/20060712034550/http://yz.dqt.com.cn/flack/zbsg.asp
121,苏睿,哈尔滨工业大学,web.archive.org/web/20060712034550/http://yz.dqt.com.cn/flack/zbsg.asp
122,王五童,哈尔滨工业大学,web.archive.org/web/20060712034550/http://yz.dqt.com.cn/flack/zbsg.asp
123,付捷思,哈尔滨工业大学,web.archive.org/web/20060712034550/http://yz.dqt.com.cn/flack/zbsg.asp
124,李彬,哈尔滨工业大学,web.archive.org/web/20060712034550/http://yz.dqt.com.cn/flack/zbsg.asp
125,刘义鹏,哈尔滨工业大学,web.archive.org/web/20060712034550/http://yz.dqt.com.cn/flack/zbsg.asp
126,郑德磊,哈尔滨工业大学,web.archive.org/web/20060712034550/http://yz.dqt.com.cn/flack/zbsg.asp
127,曾宪琳,哈尔滨工业大学,web.archive.org/web/20060712034550/http://yz.dqt.com.cn/flack/zbsg.asp
128,赵天娇,哈尔滨工业大学,web.archive.org/web/20060712034550/http://yz.dqt.com.cn/flack/zbsg.asp
129,邓莹瑛,哈尔滨工业大学,web.archive.org/web/20060712034550/http://yz.dqt.com.cn/flack/zbsg.asp
130,夏棘骜,哈尔滨工业大学,web.archive.org/web/20060712034550/http://yz.dqt.com.cn/flack/zbsg.asp
131,于惊涛,哈尔滨工业大学,web.archive.org/web/20060712034550/http://yz.dqt.com.cn/flack/zbsg.asp
132,谭莹,哈尔滨工业大学,web.archive.org/web/20060712034550/http://yz.dqt.com.cn/flack/zbsg.asp
133,高谭龙,哈尔滨工业大学,web.archive.org/web/20060712034550/http://yz.dqt.com.cn/flack/zbsg.asp
134,于海南,广州中山大学,web.archive.org/web/20060712034550/http://yz.dqt.com.cn/flack/zbsg.asp
135,刘佳,广州中山大学,web.archive.org/web/20060712034550/http://yz.dqt.com.cn/flack/zbsg.asp
136,杨仁,国防科技大学,web.archive.org/web/20060712034550/http://yz.dqt.com.cn/flack/zbsg.asp
137,华夏,国际关系学院,web.archive.org/web/20060712034550/http://yz.dqt.com.cn/flack/zbsg.asp
138,孙微,山东大学,web.archive.org/web/20060712034550/http://yz.dqt.com.cn/flack/zbsg.asp
139,李锐,西北工业大学,web.archive.org/web/20060712034550/http://yz.dqt.com.cn/flack/zbsg.asp
140,丛柏竹,大连理工大学,web.archive.org/web/20060712034550/http://yz.dqt.com.cn/flack/zbsg.asp
141,王曦,厦门大学,web.archive.org/web/20060712034550/http://yz.dqt.com.cn/flack/zbsg.asp
142,杨雪,厦门大学,web.archive.org/web/20060712034550/http://yz.dqt.com.cn/flack/zbsg.asp
143,雷佳莹,厦门大学,web.archive.org/web/20060712034550/http://yz.dqt.com.cn/flack/zbsg.asp
144,李鑫,中南大学,web.archive.org/web/20060712034550/http://yz.dqt.com.cn/flack/zbsg.asp
145,王英伦,中南大学,web.archive.org/web/20060712034550/http://yz.dqt.com.cn/flack/zbsg.asp
146,舒心,中南大学,web.archive.org/web/20060712034550/http://yz.dqt.com.cn/flack/zbsg.asp
147,周洁莹,中南大学,web.archive.org/web/20060712034550/http://yz.dqt.com.cn/flack/zbsg.asp
148,王宇晗,华南理工大学,web.archive.org/web/20060712034550/http://yz.dqt.com.cn/flack/zbsg.asp
149,高晓静,华南理工大学,web.archive.org/web/20060712034550/http://yz.dqt.com.cn/flack/zbsg.asp
150,毛乐,华中农业大学,web.archive.org/web/20060712034550/http://yz.dqt.com.cn/flack/zbsg.asp
151,王莹,华中农业大学,web.archive.org/web/20060712034550/http://yz.dqt.com.cn/flack/zbsg.asp
152,李松阳,华东理工大学,web.archive.org/web/20060712034550/http://yz.dqt.com.cn/flack/zbsg.asp
153,刘哲,华东理工大学,web.archive.org/web/20060712034550/http://yz.dqt.com.cn/flack/zbsg.asp
154,孙涤非,华东理工大学,web.archive.org/web/20060712034550/http://yz.dqt.com.cn/flack/zbsg.asp
155,卢珊,华东理工大学,web.archive.org/web/20060712034550/http://yz.dqt.com.cn/flack/zbsg.asp
156,王东伟,华东理工大学,web.archive.org/web/20060712034550/http://yz.dqt.com.cn/flack/zbsg.asp
157,柴瑞,华东理工大学,web.archive.org/web/20060712034550/http://yz.dqt.com.cn/flack/zbsg.asp
158,杨婷,华东政法,web.archive.org/web/20060712034550/http://yz.dqt.com.cn/flack/zbsg.asp
159,任庆萍,东北师范大学,web.archive.org/web/20060712034550/http://yz.dqt.com.cn/flack/zbsg.asp
160,姜军,东华大学,web.archive.org/web/20060712034550/http://yz.dqt.com.cn/flack/zbsg.asp
161,郭毓,东华大学,web.archive.org/web/20060712034550/http://yz.dqt.com.cn/flack/zbsg.asp
162,于欢欢,对外经济贸易大学,web.archive.org/web/20060712034550/http://yz.dqt.com.cn/flack/zbsg.asp
163,高雁博,对外经济贸易大学,web.archive.org/web/20060712034550/http://yz.dqt.com.cn/flack/zbsg.asp
164,何瑞江,对外经济贸易大学,web.archive.org/web/20060712034550/http://yz.dqt.com.cn/flack/zbsg.asp
165,郭静,东北财经大学,web.archive.org/web/20060712034550/http://yz.dqt.com.cn/flack/zbsg.asp
166,刘莹,大庆石油学院,web.archive.org/web/20060712034550/http://yz.dqt.com.cn/flack/zbsg.asp
167,张爽,大庆石油学院,web.archive.org/web/20060712034550/http://yz.dqt.com.cn/flack/zbsg.asp
168,高宇,大庆石油学院,web.archive.org/web/20060712034550/http://yz.dqt.com.cn/flack/zbsg.asp
169,王亮,大庆石油学院,web.archive.org/web/20060712034550/http://yz.dqt.com.cn/flack/zbsg.asp
170,李煜,大庆石油学院,web.archive.org/web/20060712034550/http://yz.dqt.com.cn/flack/zbsg.asp
171,陈烁文,大庆石油学院,web.archive.org/web/20060712034550/http://yz.dqt.com.cn/flack/zbsg.asp
172,张雷,大庆石油学院,web.archive.org/web/20060712034550/http://yz.dqt.com.cn/flack/zbsg.asp
173,高雪,大庆石油学院,web.archive.org/web/20060712034550/http://yz.dqt.com.cn/flack/zbsg.asp
174,韩雪,大庆石油学院,web.archive.org/web/20060712034550/http://yz.dqt.com.cn/flack/zbsg.asp
175,许鑫,大庆石油学院,web.archive.org/web/20060712034550/http://yz.dqt.com.cn/flack/zbsg.asp
176,陈钊,大庆石油学院,web.archive.org/web/20060712034550/http://yz.dqt.com.cn/flack/zbsg.asp
177,汤景鹏,大庆石油学院,web.archive.org/web/20060712034550/http://yz.dqt.com.cn/flack/zbsg.asp
178,赵云龙,大庆石油学院,web.archive.org/web/20060712034550/http://yz.dqt.com.cn/flack/zbsg.asp
179,包义,大庆石油学院,web.archive.org/web/20060712034550/http://yz.dqt.com.cn/flack/zbsg.asp
180,孙强强,大庆石油学院,web.archive.org/web/20060712034550/http://yz.dqt.com.cn/flack/zbsg.asp
181,刘倩,大庆石油学院,web.archive.org/web/20060712034550/http://yz.dqt.com.cn/flack/zbsg.asp
182,鲍鲲,大庆石油学院,web.archive.org/web/20060712034550/http://yz.dqt.com.cn/flack/zbsg.asp
183,崔彬,大庆石油学院,web.archive.org/web/20060712034550/http://yz.dqt.com.cn/flack/zbsg.asp
184,吕云波,大庆石油学院,web.archive.org/web/20060712034550/http://yz.dqt.com.cn/flack/zbsg.asp
185,刘阳,大庆石油学院,web.archive.org/web/20060712034550/http://yz.dqt.com.cn/flack/zbsg.asp
186,郭洋,大庆石油学院,web.archive.org/web/20060712034550/http://yz.dqt.com.cn/flack/zbsg.asp
187,王鑫铎,大庆石油学院,web.archive.org/web/20060712034550/http://yz.dqt.com.cn/flack/zbsg.asp
188,肖岩岩,大庆石油学院,web.archive.org/web/20060712034550/http://yz.dqt.com.cn/flack/zbsg.asp
189,杨静琨,大庆石油学院,web.archive.org/web/20060712034550/http://yz.dqt.com.cn/flack/zbsg.asp
190,张玉,大庆石油学院,web.archive.org/web/20060712034550/http://yz.dqt.com.cn/flack/zbsg.asp
191,张晓川,大庆石油学院,web.archive.org/web/20060712034550/http://yz.dqt.com.cn/flack/zbsg.asp
192,李欣宇,大庆石油学院,web.archive.org/web/20060712034550/http://yz.dqt.com.cn/flack/zbsg.asp
193,杨琳琳,大庆石油学院,web.archive.org/web/20060712034550/http://yz.dqt.com.cn/flack/zbsg.asp
194,周锐,大庆石油学院,web.archive.org/web/20060712034550/http://yz.dqt.com.cn/flack/zbsg.asp
195,刘毅,大庆石油学院,web.archive.org/web/20060712034550/http://yz.dqt.com.cn/flack/zbsg.asp
196,何荣超,大庆石油学院,web.archive.org/web/20060712034550/http://yz.dqt.com.cn/flack/zbsg.asp
197,乔琦,大庆石油学院,web.archive.org/web/20060712034550/http://yz.dqt.com.cn/flack/zbsg.asp
198,伏荣超,大庆石油学院,web.archive.org/web/20060712034550/http://yz.dqt.com.cn/flack/zbsg.asp
199,侯松伟,大庆石油学院,web.archive.org/web/20060712034550/http://yz.dqt.com.cn/flack/zbsg.asp
200,刘丽娜,大庆石油学院,web.archive.org/web/20060712034550/http://yz.dqt.com.cn/flack/zbsg.asp
201,魏蕾,大庆石油学院,web.archive.org/web/20060712034550/http://yz.dqt.com.cn/flack/zbsg.asp
202,邰枫,大庆石油学院,web.archive.org/web/20060712034550/http://yz.dqt.com.cn/flack/zbsg.asp
203,田蓬,大庆石油学院,web.archive.org/web/20060712034550/http://yz.dqt.com.cn/flack/zbsg.asp
204,闫树,大庆石油学院,web.archive.org/web/20060712034550/http://yz.dqt.com.cn/flack/zbsg.asp
205,高飞,大庆石油学院,web.archive.org/web/20060712034550/http://yz.dqt.com.cn/flack/zbsg.asp
206,彭博扬,大庆石油学院,web.archive.org/web/20060712034550/http://yz.dqt.com.cn/flack/zbsg.asp
207,姜明玥,大庆石油学院,web.archive.org/web/20060712034550/http://yz.dqt.com.cn/flack/zbsg.asp
208,张海粟,大庆石油学院,web.archive.org/web/20060712034550/http://yz.dqt.com.cn/flack/zbsg.asp
209,张哲睿,大庆石油学院,web.archive.org/web/20060712034550/http://yz.dqt.com.cn/flack/zbsg.asp
210,孔德宇,大庆石油学院,web.archive.org/web/20060712034550/http://yz.dqt.com.cn/flack/zbsg.asp
211,孟凡丽,大庆石油学院,web.archive.org/web/20060712034550/http://yz.dqt.com.cn/flack/zbsg.asp
212,孔衔霄,大庆石油学院,web.archive.org/web/20060712034550/http://yz.dqt.com.cn/flack/zbsg.asp
213,蒋景芳,大庆石油学院,web.archive.org/web/20060712034550/http://yz.dqt.com.cn/flack/zbsg.asp
214,吴墨染,大庆石油学院,web.archive.org/web/20060712034550/http://yz.dqt.com.cn/flack/zbsg.asp
215,王刚,大庆石油学院,web.archive.org/web/20060712034550/http://yz.dqt.com.cn/flack/zbsg.asp
216,肖帅,大庆石油学院,web.archive.org/web/20060712034550/http://yz.dqt.com.cn/flack/zbsg.asp
217,弓剑竹,大庆石油学院,web.archive.org/web/20060712034550/http://yz.dqt.com.cn/flack/zbsg.asp
218,郑岩,大庆石油学院,web.archive.org/web/20060712034550/http://yz.dqt.com.cn/flack/zbsg.asp
219,沈妍,大庆石油学院,web.archive.org/web/20060712034550/http://yz.dqt.com.cn/flack/zbsg.asp
220,杨华光,大庆石油学院,web.archive.org/web/20060712034550/http://yz.dqt.com.cn/flack/zbsg.asp
221,刘广维,大庆石油学院,web.archive.org/web/20060712034550/http://yz.dqt.com.cn/flack/zbsg.asp
222,宋春薇,大庆石油学院,web.archive.org/web/20060712034550/http://yz.dqt.com.cn/flack/zbsg.asp
223,张晶明,大庆石油学院,web.archive.org/web/20060712034550/http://yz.dqt.com.cn/flack/zbsg.asp
224,陈婧文,大庆石油学院,web.archive.org/web/20060712034550/http://yz.dqt.com.cn/flack/zbsg.asp
225,李国徽,大庆石油学院,web.archive.org/web/20060712034550/http://yz.dqt.com.cn/flack/zbsg.asp
226,陈卓,大庆石油学院,web.archive.org/web/20060712034550/http://yz.dqt.com.cn/flack/zbsg.asp
227,杨晨,大庆石油学院,web.archive.org/web/20060712034550/http://yz.dqt.com.cn/flack/zbsg.asp
228,季璐,大庆石油学院,web.archive.org/web/20060712034550/http://yz.dqt.com.cn/flack/zbsg.asp
229,原野,大庆石油学院,web.archive.org/web/20060712034550/http://yz.dqt.com.cn/flack/zbsg.asp
230,郝永庆,大庆石油学院,web.archive.org/web/20060712034550/http://yz.dqt.com.cn/flack/zbsg.asp
231,陈宏宇,大庆石油学院,web.archive.org/web/20060712034550/http://yz.dqt.com.cn/flack/zbsg.asp
232,刘洋,大庆石油学院,web.archive.org/web/20060712034550/http://yz.dqt.com.cn/flack/zbsg.asp
233,柏松林,大庆石油学院,web.archive.org/web/20060712034550/http://yz.dqt.com.cn/flack/zbsg.asp
234,周鑫,大庆石油学院,web.archive.org/web/20060712034550/http://yz.dqt.com.cn/flack/zbsg.asp
235,王子龙,大庆石油学院,web.archive.org/web/20060712034550/http://yz.dqt.com.cn/flack/zbsg.asp
236,刘琪,大庆石油学院,web.archive.org/web/20060712034550/http://yz.dqt.com.cn/flack/zbsg.asp
237,冯晓旭,大庆石油学院,web.archive.org/web/20060712034550/http://yz.dqt.com.cn/flack/zbsg.asp
238,葛瑞,大庆石油学院,web.archive.org/web/20060712034550/http://yz.dqt.com.cn/flack/zbsg.asp
239,李鹏,大庆石油学院,web.archive.org/web/20060712034550/http://yz.dqt.com.cn/flack/zbsg.asp
240,李超,大庆石油学院,web.archive.org/web/20060712034550/http://yz.dqt.com.cn/flack/zbsg.asp
241,钟思洋,大庆石油学院,web.archive.org/web/20060712034550/http://yz.dqt.com.cn/flack/zbsg.asp
242,张瑛琦,大庆石油学院,web.archive.org/web/20060712034550/http://yz.dqt.com.cn/flack/zbsg.asp
243,徐子敬,大庆石油学院,web.archive.org/web/20060712034550/http://yz.dqt.com.cn/flack/zbsg.asp
244,李凌旭,大庆石油学院,web.archive.org/web/20060712034550/http://yz.dqt.com.cn/flack/zbsg.asp
245,王超,大庆石油学院,web.archive.org/web/20060712034550/http://yz.dqt.com.cn/flack/zbsg.asp
246,赵洪岩,大庆石油学院,web.archive.org/web/20060712034550/http://yz.dqt.com.cn/flack/zbsg.asp
247,董力维,大庆石油学院,web.archive.org/web/20060712034550/http://yz.dqt.com.cn/flack/zbsg.asp
248,闫琦,大庆石油学院,web.archive.org/web/20060712034550/http://yz.dqt.com.cn/flack/zbsg.asp
249,李鑫,大庆石油学院,web.archive.org/web/20060712034550/http://yz.dqt.com.cn/flack/zbsg.asp
250,曲帅,大庆石油学院,web.archive.org/web/20060712034550/http://yz.dqt.com.cn/flack/zbsg.asp
251,马乾坤,大庆石油学院,web.archive.org/web/20060712034550/http://yz.dqt.com.cn/flack/zbsg.asp
252,马慧,大庆石油学院,web.archive.org/web/20060712034550/http://yz.dqt.com.cn/flack/zbsg.asp
253,杨瑞鹏,北京化工大学,web.archive.org/web/20060712034550/http://yz.dqt.com.cn/flack/zbsg.asp
254,任凯光,北京化工大学,web.archive.org/web/20060712034550/http://yz.dqt.com.cn/flack/zbsg.asp
255,王超,北京化工大学,web.archive.org/web/20060712034550/http://yz.dqt.com.cn/flack/zbsg.asp
256,姚新武,北京化工大学,web.archive.org/web/20060712034550/http://yz.dqt.com.cn/flack/zbsg.asp
257,宋洋,北京化工大学,web.archive.org/web/20060712034550/http://yz.dqt.com.cn/flack/zbsg.asp
258,李婧,北京城市学院,web.archive.org/web/20060712034550/http://yz.dqt.com.cn/flack/zbsg.asp
259,张会慧,北京电影学院,web.archive.org/web/20060712034550/http://yz.dqt.com.cn/flack/zbsg.asp
260,吴珊,北京高等秘书学院,web.archive.org/web/20060712034550/http://yz.dqt.com.cn/flack/zbsg.asp
261,栾健,北京工商大学,web.archive.org/web/20060712034550/http://yz.dqt.com.cn/flack/zbsg.asp
262,孙超,北京民族大学计算机学院,web.archive.org/web/20060712034550/http://yz.dqt.com.cn/flack/zbsg.asp
263,葛文明,北京师范大学珠海分校,web.archive.org/web/20060712034550/http://yz.dqt.com.cn/flack/zbsg.asp
264,许京立,北京物资学院,web.archive.org/web/20060712034550/http://yz.dqt.com.cn/flack/zbsg.asp
265,关博,北京印刷学院,web.archive.org/web/20060712034550/http://yz.dqt.com.cn/flack/zbsg.asp
266,李艳生,北京邮电大学,web.archive.org/web/20060712034550/http://yz.dqt.com.cn/flack/zbsg.asp
267,霍长浩,北京城市学院,web.archive.org/web/20060712034550/http://yz.dqt.com.cn/flack/zbsg.asp
268,张洋,北京邮电大学,web.archive.org/web/20060712034550/http://yz.dqt.com.cn/flack/zbsg.asp
269,赵方,北京邮电大学,web.archive.org/web/20060712034550/http://yz.dqt.com.cn/flack/zbsg.asp
270,董佳齐,哈尔滨工程大学,web.archive.org/web/20060712034550/http://yz.dqt.com.cn/flack/zbsg.asp
271,张贺,哈尔滨工程大学,web.archive.org/web/20060712034550/http://yz.dqt.com.cn/flack/zbsg.asp
272,孟宪南,哈尔滨工程大学,web.archive.org/web/20060712034550/http://yz.dqt.com.cn/flack/zbsg.asp
273,嘉娟,哈尔滨工程大学,web.archive.org/web/20060712034550/http://yz.dqt.com.cn/flack/zbsg.asp
274,王浩,哈尔滨工程大学,web.archive.org/web/20060712034550/http://yz.dqt.com.cn/flack/zbsg.asp
275,王勃然,哈尔滨工程大学,web.archive.org/web/20060712034550/http://yz.dqt.com.cn/flack/zbsg.asp
276,刘淼,哈尔滨工程大学,web.archive.org/web/20060712034550/http://yz.dqt.com.cn/flack/zbsg.asp
277,常金勇,哈尔滨工程大学,web.archive.org/web/20060712034550/http://yz.dqt.com.cn/flack/zbsg.asp
278,张广东,哈尔滨工程大学,web.archive.org/web/20060712034550/http://yz.dqt.com.cn/flack/zbsg.asp
279,赵钰,哈尔滨工程大学,web.archive.org/web/20060712034550/http://yz.dqt.com.cn/flack/zbsg.asp
280,李茜,哈尔滨工程大学,web.archive.org/web/20060712034550/http://yz.dqt.com.cn/flack/zbsg.asp
281,刘昊阳,哈尔滨工程大学,web.archive.org/web/20060712034550/http://yz.dqt.com.cn/flack/zbsg.asp
282,李宇贺,哈尔滨工程大学,web.archive.org/web/20060712034550/http://yz.dqt.com.cn/flack/zbsg.asp
283,杨柳,哈尔滨理工大学,web.archive.org/web/20060712034550/http://yz.dqt.com.cn/flack/zbsg.asp
284,郭凯,哈尔滨理工大学,web.archive.org/web/20060712034550/http://yz.dqt.com.cn/flack/zbsg.asp
285,王超群,哈尔滨理工大学,web.archive.org/web/20060712034550/http://yz.dqt.com.cn/flack/zbsg.asp
286,陈宏野,哈尔滨理工大学,web.archive.org/web/20060712034550/http://yz.dqt.com.cn/flack/zbsg.asp
287,初海洋,哈尔滨理工大学,web.archive.org/web/20060712034550/http://yz.dqt.com.cn/flack/zbsg.asp
288,王颍,哈尔滨理工大学,web.archive.org/web/20060712034550/http://yz.dqt.com.cn/flack/zbsg.asp
289,李小红,哈尔滨理工大学,web.archive.org/web/20060712034550/http://yz.dqt.com.cn/flack/zbsg.asp
290,邢斯禹,哈尔滨理工大学,web.archive.org/web/20060712034550/http://yz.dqt.com.cn/flack/zbsg.asp
291,孟仰,哈尔滨理工大学,web.archive.org/web/20060712034550/http://yz.dqt.com.cn/flack/zbsg.asp
292,宋勃,哈尔滨理工大学,web.archive.org/web/20060712034550/http://yz.dqt.com.cn/flack/zbsg.asp
293,董骁,哈尔滨理工大学,web.archive.org/web/20060712034550/http://yz.dqt.com.cn/flack/zbsg.asp
294,宋佳,哈尔滨理工大学,web.archive.org/web/20060712034550/http://yz.dqt.com.cn/flack/zbsg.asp
295,吴昊,哈尔滨理工大学,web.archive.org/web/20060712034550/http://yz.dqt.com.cn/flack/zbsg.asp
296,徐传龙,哈尔滨理工大学,web.archive.org/web/20060712034550/http://yz.dqt.com.cn/flack/zbsg.asp
297,杨连鹏,哈尔滨师范大学,web.archive.org/web/20060712034550/http://yz.dqt.com.cn/flack/zbsg.asp
298,徐晓娇,哈尔滨师范大学,web.archive.org/web/20060712034550/http://yz.dqt.com.cn/flack/zbsg.asp
299,罗继雨,哈尔滨师范大学,web.archive.org/web/20060712034550/http://yz.dqt.com.cn/flack/zbsg.asp
300,张鑫,哈尔滨师范大学,web.archive.org/web/20060712034550/http://yz.dqt.com.cn/flack/zbsg.asp
301,温冬薇,哈尔滨师范大学,web.archive.org/web/20060712034550/http://yz.dqt.com.cn/flack/zbsg.asp
302,王希,哈尔滨师范大学,web.archive.org/web/20060712034550/http://yz.dqt.com.cn/flack/zbsg.asp
303,肖丰,哈尔滨师范大学,web.archive.org/web/20060712034550/http://yz.dqt.com.cn/flack/zbsg.asp
304,李喆,哈尔滨师范大学,web.archive.org/web/20060712034550/http://yz.dqt.com.cn/flack/zbsg.asp
305,蔡翔跃,哈尔滨师范大学,web.archive.org/web/20060712034550/http://yz.dqt.com.cn/flack/zbsg.asp
306,芦靖,哈尔滨师范大学,web.archive.org/web/20060712034550/http://yz.dqt.com.cn/flack/zbsg.asp
307,许冰,哈尔滨师范大学,web.archive.org/web/20060712034550/http://yz.dqt.com.cn/flack/zbsg.asp
308,张兴,哈尔滨师范大学,web.archive.org/web/20060712034550/http://yz.dqt.com.cn/flack/zbsg.asp
309,姚佳,哈尔滨师范大学,web.archive.org/web/20060712034550/http://yz.dqt.com.cn/flack/zbsg.asp
310,康莹莹,哈尔滨师范大学,web.archive.org/web/20060712034550/http://yz.dqt.com.cn/flack/zbsg.asp
311,蒋丹丹,哈尔滨师范大学,web.archive.org/web/20060712034550/http://yz.dqt.com.cn/flack/zbsg.asp
312,陈晓楠,哈尔滨师范大学,web.archive.org/web/20060712034550/http://yz.dqt.com.cn/flack/zbsg.asp
313,王闯,哈尔滨师范大学,web.archive.org/web/20060712034550/http://yz.dqt.com.cn/flack/zbsg.asp
314,何小周,哈尔滨师范大学,web.archive.org/web/20060712034550/http://yz.dqt.com.cn/flack/zbsg.asp
315,姜然,哈尔滨师范大学,web.archive.org/web/20060712034550/http://yz.dqt.com.cn/flack/zbsg.asp
316,李岳越,哈尔滨师范大学,web.archive.org/web/20060712034550/http://yz.dqt.com.cn/flack/zbsg.asp
317,沈西,哈尔滨师范大学,web.archive.org/web/20060712034550/http://yz.dqt.com.cn/flack/zbsg.asp
318,李庆男,哈尔滨师范大学,web.archive.org/web/20060712034550/http://yz.dqt.com.cn/flack/zbsg.asp
319,韩立媛,哈尔滨师范大学,web.archive.org/web/20060712034550/http://yz.dqt.com.cn/flack/zbsg.asp
320,常婷,哈尔滨师范大学,web.archive.org/web/20060712034550/http://yz.dqt.com.cn/flack/zbsg.asp
321,庄博,哈尔滨师范大学,web.archive.org/web/20060712034550/http://yz.dqt.com.cn/flack/zbsg.asp
322,孙冶,哈尔滨师范大学,web.archive.org/web/20060712034550/http://yz.dqt.com.cn/flack/zbsg.asp
323,李艳,哈尔滨师范大学,web.archive.org/web/20060712034550/http://yz.dqt.com.cn/flack/zbsg.asp
324,王鑫,哈尔滨师范大学,web.archive.org/web/20060712034550/http://yz.dqt.com.cn/flack/zbsg.asp
325,张婧,哈尔滨师范大学,web.archive.org/web/20060712034550/http://yz.dqt.com.cn/flack/zbsg.asp
326,支佳人,哈尔滨师范大学,web.archive.org/web/20060712034550/http://yz.dqt.com.cn/flack/zbsg.asp
327,于滨,哈尔滨师范大学,web.archive.org/web/20060712034550/http://yz.dqt.com.cn/flack/zbsg.asp
328,任鹏飞,哈尔滨师范大学,web.archive.org/web/20060712034550/http://yz.dqt.com.cn/flack/zbsg.asp
329,崔瀛,哈尔滨师范大学,web.archive.org/web/20060712034550/http://yz.dqt.com.cn/flack/zbsg.asp
330,李欣妍,哈尔滨师范大学,web.archive.org/web/20060712034550/http://yz.dqt.com.cn/flack/zbsg.asp
331,高雪莹,哈尔滨师范大学,web.archive.org/web/20060712034550/http://yz.dqt.com.cn/flack/zbsg.asp
332,赵静,哈尔滨师范大学,web.archive.org/web/20060712034550/http://yz.dqt.com.cn/flack/zbsg.asp
333,刘俊麟,哈尔滨师范大学,web.archive.org/web/20060712034550/http://yz.dqt.com.cn/flack/zbsg.asp
334,张琳,哈尔滨师范大学,web.archive.org/web/20060712034550/http://yz.dqt.com.cn/flack/zbsg.asp
335,梁蕊,哈尔滨师范大学,web.archive.org/web/20060712034550/http://yz.dqt.com.cn/flack/zbsg.asp
336,姜然,哈尔滨师范大学,web.archive.org/web/20060712034550/http://yz.dqt.com.cn/flack/zbsg.asp
337,孙静,哈尔滨学院,web.archive.org/web/20060712034550/http://yz.dqt.com.cn/flack/zbsg.asp
338,王凤蛟,哈尔滨医科大学,web.archive.org/web/20060712034550/http://yz.dqt.com.cn/flack/zbsg.asp
339,张敏琪,哈尔滨医科大学,web.archive.org/web/20060712034550/http://yz.dqt.com.cn/flack/zbsg.asp
340,房彧,哈尔滨医科大学,web.archive.org/web/20060712034550/http://yz.dqt.com.cn/flack/zbsg.asp
341,张为,哈尔滨医科大学,web.archive.org/web/20060712034550/http://yz.dqt.com.cn/flack/zbsg.asp
342,李静,哈尔滨医科大学,web.archive.org/web/20060712034550/http://yz.dqt.com.cn/flack/zbsg.asp
343,王峥,哈尔滨医科大学,web.archive.org/web/20060712034550/http://yz.dqt.com.cn/flack/zbsg.asp
344,徐晓薇,哈尔滨医科大学,web.archive.org/web/20060712034550/http://yz.dqt.com.cn/flack/zbsg.asp
345,李露露,哈尔滨医科大学,web.archive.org/web/20060712034550/http://yz.dqt.com.cn/flack/zbsg.asp
346,许德超,哈尔滨医科大学,web.archive.org/web/20060712034550/http://yz.dqt.com.cn/flack/zbsg.asp
347,邵畅,哈尔滨医科大学,web.archive.org/web/20060712034550/http://yz.dqt.com.cn/flack/zbsg.asp
348,施庆龙,燕山大学,web.archive.org/web/20060712034550/http://yz.dqt.com.cn/flack/zbsg.asp
349,严璐璐,燕山大学,web.archive.org/web/20060712034550/http://yz.dqt.com.cn/flack/zbsg.asp
350,蔡翔飞,燕山大学,web.archive.org/web/20060712034550/http://yz.dqt.com.cn/flack/zbsg.asp
351,李骁,西南石油,web.archive.org/web/20060712034550/http://yz.dqt.com.cn/flack/zbsg.asp
352,臧哲,西南石油,web.archive.org/web/20060712034550/http://yz.dqt.com.cn/flack/zbsg.asp
353,陈春雨,西南石油,web.archive.org/web/20060712034550/http://yz.dqt.com.cn/flack/zbsg.asp
354,辛亚玲,西南石油,web.archive.org/web/20060712034550/http://yz.dqt.com.cn/flack/zbsg.asp
355,韩倩,西南石油,web.archive.org/web/20060712034550/http://yz.dqt.com.cn/flack/zbsg.asp
356,项中,西南石油,web.archive.org/web/20060712034550/http://yz.dqt.com.cn/flack/zbsg.asp
357,袁明,西南政法,web.archive.org/web/20060712034550/http://yz.dqt.com.cn/flack/zbsg.asp
358,刘骥野,湘潭大学,web.archive.org/web/20060712034550/http://yz.dqt.com.cn/flack/zbsg.asp
359,殷琴,烟台师范学院,web.archive.org/web/20060712034550/http://yz.dqt.com.cn/flack/zbsg.asp
360,张盼,西南财经学院,web.archive.org/web/20060712034550/http://yz.dqt.com.cn/flack/zbsg.asp
361,耿红,西南林学院,web.archive.org/web/20060712034550/http://yz.dqt.com.cn/flack/zbsg.asp
362,王延钊,西北民族大学,web.archive.org/web/20060712034550/http://yz.dqt.com.cn/flack/zbsg.asp
363,刘峥,西华师范大学,web.archive.org/web/20060712034550/http://yz.dqt.com.cn/flack/zbsg.asp
364,刘影,西华师范大学,web.archive.org/web/20060712034550/http://yz.dqt.com.cn/flack/zbsg.asp
365,王秋然,西安电子科技大学,web.archive.org/web/20060712034550/http://yz.dqt.com.cn/flack/zbsg.asp
366,宫庆达,西安电子科技大学,web.archive.org/web/20060712034550/http://yz.dqt.com.cn/flack/zbsg.asp
367,伍一帆,西安外国语学院,web.archive.org/web/20060712034550/http://yz.dqt.com.cn/flack/zbsg.asp
368,李胜男,湖南大学,web.archive.org/web/20060712034550/http://yz.dqt.com.cn/flack/zbsg.asp
369,王伟煊,湖南大学,web.archive.org/web/20060712034550/http://yz.dqt.com.cn/flack/zbsg.asp
370,郑乃通,湖南科技大学,web.archive.org/web/20060712034550/http://yz.dqt.com.cn/flack/zbsg.asp
371,邹欣欣,湖南理工学院,web.archive.org/web/20060712034550/http://yz.dqt.com.cn/flack/zbsg.asp
372,陈天晓,湖南农业大学,web.archive.org/web/20060712034550/http://yz.dqt.com.cn/flack/zbsg.asp
373,唐琦,湖南农业大学,web.archive.org/web/20060712034550/http://yz.dqt.com.cn/flack/zbsg.asp
374,欧翔,湖北大学,web.archive.org/web/20060712034550/http://yz.dqt.com.cn/flack/zbsg.asp
375,穆丹,湖北美术学院,web.archive.org/web/20060712034550/http://yz.dqt.com.cn/flack/zbsg.asp
376,李雅男,湖北汽车工业学院,web.archive.org/web/20060712034550/http://yz.dqt.com.cn/flack/zbsg.asp
377,刘露,湖北汽车工业学院,web.archive.org/web/20060712034550/http://yz.dqt.com.cn/flack/zbsg.asp
378,刘普男,江南大学,web.archive.org/web/20060712034550/http://yz.dqt.com.cn/flack/zbsg.asp
379,舒畅,江西财经大学,web.archive.org/web/20060712034550/http://yz.dqt.com.cn/flack/zbsg.asp
380,彭耀冲,江西服装学院,web.archive.org/web/20060712034550/http://yz.dqt.com.cn/flack/zbsg.asp
381,常敏,江西渝州科技职业学院,web.archive.org/web/20060712034550/http://yz.dqt.com.cn/flack/zbsg.asp
382,刘涛,解放军第三军医大学,web.archive.org/web/20060712034550/http://yz.dqt.com.cn/flack/zbsg.asp
383,孙婧,南京财经大学,web.archive.org/web/20060712034550/http://yz.dqt.com.cn/flack/zbsg.asp
384,谷浪屿,南京财经大学,web.archive.org/web/20060712034550/http://yz.dqt.com.cn/flack/zbsg.asp
385,张宇,南京航空,web.archive.org/web/20060712034550/http://yz.dqt.com.cn/flack/zbsg.asp
386,刘晓川,南京农大,web.archive.org/web/20060712034550/http://yz.dqt.com.cn/flack/zbsg.asp
387,蒋中国,南京邮电大学,web.archive.org/web/20060712034550/http://yz.dqt.com.cn/flack/zbsg.asp
388,王彬,南京邮电大学,web.archive.org/web/20060712034550/http://yz.dqt.com.cn/flack/zbsg.asp
389,吴萌,南京邮电大学,web.archive.org/web/20060712034550/http://yz.dqt.com.cn/flack/zbsg.asp
390,郑琦,南昌大学,web.archive.org/web/20060712034550/http://yz.dqt.com.cn/flack/zbsg.asp
391,孟双双,南昌理工大学,web.archive.org/web/20060712034550/http://yz.dqt.com.cn/flack/zbsg.asp
392,胡信鑫,南华大学,web.archive.org/web/20060712034550/http://yz.dqt.com.cn/flack/zbsg.asp
393,李鑫,石油大学,web.archive.org/web/20060712034550/http://yz.dqt.com.cn/flack/zbsg.asp
394,钱伟,首都师范大学,web.archive.org/web/20060712034550/http://yz.dqt.com.cn/flack/zbsg.asp
395,李红霏,上海理工大学,web.archive.org/web/20060712034550/http://yz.dqt.com.cn/flack/zbsg.asp
396,王智鹏,上海理工大学,web.archive.org/web/20060712034550/http://yz.dqt.com.cn/flack/zbsg.asp
397,边易,沈阳工业大学,web.archive.org/web/20060712034550/http://yz.dqt.com.cn/flack/zbsg.asp
398,王玉静,沈阳理工大学,web.archive.org/web/20060712034550/http://yz.dqt.com.cn/flack/zbsg.asp
399,曹修铭,沈阳药科大学,web.archive.org/web/20060712034550/http://yz.dqt.com.cn/flack/zbsg.asp
400,宁宁,沈阳音乐学院,web.archive.org/web/20060712034550/http://yz.dqt.com.cn/flack/zbsg.asp
401,魏婧威,沈阳音乐学院,web.archive.org/web/20060712034550/http://yz.dqt.com.cn/flack/zbsg.asp
402,张天娇,沈阳音乐学院,web.archive.org/web/20060712034550/http://yz.dqt.com.cn/flack/zbsg.asp
403,张岩,沈阳音乐学院,web.archive.org/web/20060712034550/http://yz.dqt.com.cn/flack/zbsg.asp
404,孙振宇,山东财政学院,web.archive.org/web/20060712034550/http://yz.dqt.com.cn/flack/zbsg.asp
405,王彬,山东工商学院,web.archive.org/web/20060712034550/http://yz.dqt.com.cn/flack/zbsg.asp
406,闫锦,山东经济学院,web.archive.org/web/20060712034550/http://yz.dqt.com.cn/flack/zbsg.asp
407,孙悦,山东临沂师范学院,web.archive.org/web/20060712034550/http://yz.dqt.com.cn/flack/zbsg.asp
408,李想,山东省轻工业学院,web.archive.org/web/20060712034550/http://yz.dqt.com.cn/flack/zbsg.asp
409,龙文,山东艺术设计学院,web.archive.org/web/20060712034550/http://yz.dqt.com.cn/flack/zbsg.asp
410,郭长鹤,山东中医药大学,web.archive.org/web/20060712034550/http://yz.dqt.com.cn/flack/zbsg.asp
411,王宇,青岛科技大学,web.archive.org/web/20060712034550/http://yz.dqt.com.cn/flack/zbsg.asp
412,张扬,青岛理工大学,web.archive.org/web/20060712034550/http://yz.dqt.com.cn/flack/zbsg.asp
413,曹琪伟,青岛理工大学,web.archive.org/web/20060712034550/http://yz.dqt.com.cn/flack/zbsg.asp
414,李为之,青海民族学院,web.archive.org/web/20060712034550/http://yz.dqt.com.cn/flack/zbsg.asp
415,王博,辽宁师范大学,web.archive.org/web/20060712034550/http://yz.dqt.com.cn/flack/zbsg.asp
416,吕雨桐,辽宁中医学院,web.archive.org/web/20060712034550/http://yz.dqt.com.cn/flack/zbsg.asp
417,曹月,宁波大学,web.archive.org/web/20060712034550/http://yz.dqt.com.cn/flack/zbsg.asp
418,周群,华北科技学院,web.archive.org/web/20060712034550/http://yz.dqt.com.cn/flack/zbsg.asp
419,韩晓敏,华北永利水电学院,web.archive.org/web/20060712034550/http://yz.dqt.com.cn/flack/zbsg.asp
420,刘健,华东交通大学,web.archive.org/web/20060712034550/http://yz.dqt.com.cn/flack/zbsg.asp
421,梁吉庆,华侨大学,web.archive.org/web/20060712034550/http://yz.dqt.com.cn/flack/zbsg.asp
422,梁昊,华侨大学,web.archive.org/web/20060712034550/http://yz.dqt.com.cn/flack/zbsg.asp
423,梁斯博,华侨大学,web.archive.org/web/20060712034550/http://yz.dqt.com.cn/flack/zbsg.asp
424,李崇,吉林华侨外国语学院,web.archive.org/web/20060712034550/http://yz.dqt.com.cn/flack/zbsg.asp
425,胥蕾,吉林建筑工程学院,web.archive.org/web/20060712034550/http://yz.dqt.com.cn/flack/zbsg.asp
426,董成越,吉林建筑工程学院,web.archive.org/web/20060712034550/http://yz.dqt.com.cn/flack/zbsg.asp
427,朱宪炜,吉林农业大学,web.archive.org/web/20060712034550/http://yz.dqt.com.cn/flack/zbsg.asp
428,王慧,吉林艺术学院,web.archive.org/web/20060712034550/http://yz.dqt.com.cn/flack/zbsg.asp
429,陈立国,吉林艺术学院,web.archive.org/web/20060712034550/http://yz.dqt.com.cn/flack/zbsg.asp
430,周传宇,吉林艺术学院,web.archive.org/web/20060712034550/http://yz.dqt.com.cn/flack/zbsg.asp
431,李经蔚,安阳工学院,web.archive.org/web/20060712034550/http://yz.dqt.com.cn/flack/zbsg.asp
432,邵长青,渤海大学,web.archive.org/web/20060712034550/http://yz.dqt.com.cn/flack/zbsg.asp
433,刘艳杰,长春光华学院,web.archive.org/web/20060712034550/http://yz.dqt.com.cn/flack/zbsg.asp
434,刘晓辰,长春光华学院,web.archive.org/web/20060712034550/http://yz.dqt.com.cn/flack/zbsg.asp
435,于业辉,长春税务学院,web.archive.org/web/20060712034550/http://yz.dqt.com.cn/flack/zbsg.asp
436,于嘉音,长春税务学院,web.archive.org/web/20060712034550/http://yz.dqt.com.cn/flack/zbsg.asp
437,韩雨成,长春税务学院,web.archive.org/web/20060712034550/http://yz.dqt.com.cn/flack/zbsg.asp
438,李洋,长春税务学院,web.archive.org/web/20060712034550/http://yz.dqt.com.cn/flack/zbsg.asp
439,蔡亮亮,长江大学,web.archive.org/web/20060712034550/http://yz.dqt.com.cn/flack/zbsg.asp
440,马海风,长江大学,web.archive.org/web/20060712034550/http://yz.dqt.com.cn/flack/zbsg.asp
441,邹乐,大连大学,web.archive.org/web/20060712034550/http://yz.dqt.com.cn/flack/zbsg.asp
442,刘畅,大连大学,web.archive.org/web/20060712034550/http://yz.dqt.com.cn/flack/zbsg.asp
443,唐旭,大连交通大学,web.archive.org/web/20060712034550/http://yz.dqt.com.cn/flack/zbsg.asp
444,崔晓明,大连交通大学,web.archive.org/web/20060712034550/http://yz.dqt.com.cn/flack/zbsg.asp
445,车彦鑫,大连交通大学,web.archive.org/web/20060712034550/http://yz.dqt.com.cn/flack/zbsg.asp
446,刘一霖,大连民族学院,web.archive.org/web/20060712034550/http://yz.dqt.com.cn/flack/zbsg.asp
447,倪菲菲,大连民族学院,web.archive.org/web/20060712034550/http://yz.dqt.com.cn/flack/zbsg.asp
448,陈欣姝,大连民族学院,web.archive.org/web/20060712034550/http://yz.dqt.com.cn/flack/zbsg.asp
449,毕玉坤,东北电力学院,web.archive.org/web/20060712034550/http://yz.dqt.com.cn/flack/zbsg.asp
450,王秋华,东北电力学院,web.archive.org/web/20060712034550/http://yz.dqt.com.cn/flack/zbsg.asp
451,刘小鸥,东北林业大学,web.archive.org/web/20060712034550/http://yz.dqt.com.cn/flack/zbsg.asp
452,龙立业,东北林业大学,web.archive.org/web/20060712034550/http://yz.dqt.com.cn/flack/zbsg.asp
453,李研,东北林业大学,web.archive.org/web/20060712034550/http://yz.dqt.com.cn/flack/zbsg.asp
454,杨健,东北林业大学,web.archive.org/web/20060712034550/http://yz.dqt.com.cn/flack/zbsg.asp
455,张红烨,东北林业大学,web.archive.org/web/20060712034550/http://yz.dqt.com.cn/flack/zbsg.asp
456,董婷婷,东北农业大学,web.archive.org/web/20060712034550/http://yz.dqt.com.cn/flack/zbsg.asp
457,李志铎,东北农业大学,web.archive.org/web/20060712034550/http://yz.dqt.com.cn/flack/zbsg.asp
458,李思,东北农业大学,web.archive.org/web/20060712034550/http://yz.dqt.com.cn/flack/zbsg.asp
459,连彬,东北农业大学,web.archive.org/web/20060712034550/http://yz.dqt.com.cn/flack/zbsg.asp
460,孙声华,东北农业大学,web.archive.org/web/20060712034550/http://yz.dqt.com.cn/flack/zbsg.asp
461,李瀚凌,东北农业大学,web.archive.org/web/20060712034550/http://yz.dqt.com.cn/flack/zbsg.asp
462,张海东,东北农业大学,web.archive.org/web/20060712034550/http://yz.dqt.com.cn/flack/zbsg.asp
463,刘洋,东北农业大学,web.archive.org/web/20060712034550/http://yz.dqt.com.cn/flack/zbsg.asp
464,李遥,福建工程学院,web.archive.org/web/20060712034550/http://yz.dqt.com.cn/flack/zbsg.asp
465,孙晓哲,福建师范大学,web.archive.org/web/20060712034550/http://yz.dqt.com.cn/flack/zbsg.asp
466,谢迪,福建中医学院,web.archive.org/web/20060712034550/http://yz.dqt.com.cn/flack/zbsg.asp
467,回彦霖,广西工学院,web.archive.org/web/20060712034550/http://yz.dqt.com.cn/flack/zbsg.asp
468,任豫荣,广西桂林工学院,web.archive.org/web/20060712034550/http://yz.dqt.com.cn/flack/zbsg.asp
469,王威,广州美术学院,web.archive.org/web/20060712034550/http://yz.dqt.com.cn/flack/zbsg.asp
470,张晶,黑龙江大学,web.archive.org/web/20060712034550/http://yz.dqt.com.cn/flack/zbsg.asp
471,王睿,黑龙江大学,web.archive.org/web/20060712034550/http://yz.dqt.com.cn/flack/zbsg.asp
472,贾蕊,黑龙江大学,web.archive.org/web/20060712034550/http://yz.dqt.com.cn/flack/zbsg.asp
473,邓德君,黑龙江大学,web.archive.org/web/20060712034550/http://yz.dqt.com.cn/flack/zbsg.asp
474,于思佳,黑龙江大学,web.archive.org/web/20060712034550/http://yz.dqt.com.cn/flack/zbsg.asp
475,张偶,黑龙江大学,web.archive.org/web/20060712034550/http://yz.dqt.com.cn/flack/zbsg.asp
476,齐亚双,黑龙江大学,web.archive.org/web/20060712034550/http://yz.dqt.com.cn/flack/zbsg.asp
477,韩阳阳,黑龙江大学,web.archive.org/web/20060712034550/http://yz.dqt.com.cn/flack/zbsg.asp
478,高雪,黑龙江大学,web.archive.org/web/20060712034550/http://yz.dqt.com.cn/flack/zbsg.asp
479,曹阳,黑龙江大学,web.archive.org/web/20060712034550/http://yz.dqt.com.cn/flack/zbsg.asp
480,张玉国,黑龙江大学,web.archive.org/web/20060712034550/http://yz.dqt.com.cn/flack/zbsg.asp
481,罗帆,黑龙江大学,web.archive.org/web/20060712034550/http://yz.dqt.com.cn/flack/zbsg.asp
482,蔡馨莹,黑龙江大学,web.archive.org/web/20060712034550/http://yz.dqt.com.cn/flack/zbsg.asp
483,王元培,黑龙江大学,web.archive.org/web/20060712034550/http://yz.dqt.com.cn/flack/zbsg.asp
484,韩小宇,黑龙江大学,web.archive.org/web/20060712034550/http://yz.dqt.com.cn/flack/zbsg.asp
485,冷鹏飞,黑龙江大学,web.archive.org/web/20060712034550/http://yz.dqt.com.cn/flack/zbsg.asp
486,唐昊,黑龙江大学,web.archive.org/web/20060712034550/http://yz.dqt.com.cn/flack/zbsg.asp
487,宋楠楠,黑龙江大学,web.archive.org/web/20060712034550/http://yz.dqt.com.cn/flack/zbsg.asp
488,江旭,黑龙江大学,web.archive.org/web/20060712034550/http://yz.dqt.com.cn/flack/zbsg.asp
489,于博瀛,黑龙江大学,web.archive.org/web/20060712034550/http://yz.dqt.com.cn/flack/zbsg.asp
490,刘君毅,黑龙江大学,web.archive.org/web/20060712034550/http://yz.dqt.com.cn/flack/zbsg.asp
491,赵卿,天津财经大学,web.archive.org/web/20060712034550/http://yz.dqt.com.cn/flack/zbsg.asp
492,赵一非,天津城市建设学院,web.archive.org/web/20060712034550/http://yz.dqt.com.cn/flack/zbsg.asp
493,姜杨,天津工业大学,web.archive.org/web/20060712034550/http://yz.dqt.com.cn/flack/zbsg.asp
494,霍明慧,天津科技大学,web.archive.org/web/20060712034550/http://yz.dqt.com.cn/flack/zbsg.asp
495,王海涛,天津农学院,web.archive.org/web/20060712034550/http://yz.dqt.com.cn/flack/zbsg.asp
496,魏静靓,天津商学院,web.archive.org/web/20060712034550/http://yz.dqt.com.cn/flack/zbsg.asp
497,焦岩,天津商学院,web.archive.org/web/20060712034550/http://yz.dqt.com.cn/flack/zbsg.asp
498,王玚,天津商学院,web.archive.org/web/20060712034550/http://yz.dqt.com.cn/flack/zbsg.asp
499,张永为,天津医科大学,web.archive.org/web/20060712034550/http://yz.dqt.com.cn/flack/zbsg.asp
500,唐莹,天津中医学院,web.archive.org/web/20060712034550/http://yz.dqt.com.cn/flack/zbsg.asp
501,李洁,云南大学,web.archive.org/web/20060712034550/http://yz.dqt.com.cn/flack/zbsg.asp
502,崔莹惠,云南大学,web.archive.org/web/20060712034550/http://yz.dqt.com.cn/flack/zbsg.asp
503,蒋庆茹,云南大学,web.archive.org/web/20060712034550/http://yz.dqt.com.cn/flack/zbsg.asp
504,潘聪,云南师范大学,web.archive.org/web/20060712034550/http://yz.dqt.com.cn/flack/zbsg.asp
505,刘欣,浙江传播学院,web.archive.org/web/20060712034550/http://yz.dqt.com.cn/flack/zbsg.asp
506,周蕊,郑州大学西亚斯国际学院,web.archive.org/web/20060712034550/http://yz.dqt.com.cn/flack/zbsg.asp
507,王延路,郑州轻工业学院,web.archive.org/web/20060712034550/http://yz.dqt.com.cn/flack/zbsg.asp
508,范家榕,中华女子学院,web.archive.org/web/20060712034550/http://yz.dqt.com.cn/flack/zbsg.asp
509,刘飞,中南林学院,web.archive.org/web/20060712034550/http://yz.dqt.com.cn/flack/zbsg.asp
510,肖长玲,中央民族大学,web.archive.org/web/20060712034550/http://yz.dqt.com.cn/flack/zbsg.asp
511,刘映萩,中央民族大学,web.archive.org/web/20060712034550/http://yz.dqt.com.cn/flack/zbsg.asp
512,苗苗,中央民族大学,web.archive.org/web/20060712034550/http://yz.dqt.com.cn/flack/zbsg.asp
513,王博,中央民族大学,web.archive.org/web/20060712034550/http://yz.dqt.com.cn/flack/zbsg.asp
514,古天一,重庆交通大学,web.archive.org/web/20060712034550/http://yz.dqt.com.cn/flack/zbsg.asp
515,刘鹏,哈尔滨商业大学,web.archive.org/web/20060712034550/http://yz.dqt.com.cn/flack/zbsg.asp
516,宓麟松,哈尔滨商业大学,web.archive.org/web/20060712034550/http://yz.dqt.com.cn/flack/zbsg.asp
517,杨昕,哈尔滨商业大学,web.archive.org/web/20060712034550/http://yz.dqt.com.cn/flack/zbsg.asp
518,孙旭伟,哈尔滨商业大学,web.archive.org/web/20060712034550/http://yz.dqt.com.cn/flack/zbsg.asp
519,李淼淼,哈尔滨商业大学,web.archive.org/web/20060712034550/http://yz.dqt.com.cn/flack/zbsg.asp
520,刘振宇,哈尔滨商业大学,web.archive.org/web/20060712034550/http://yz.dqt.com.cn/flack/zbsg.asp
521,罗超,哈尔滨商业大学,web.archive.org/web/20060712034550/http://yz.dqt.com.cn/flack/zbsg.asp
522,余阳,哈尔滨商业大学,web.archive.org/web/20060712034550/http://yz.dqt.com.cn/flack/zbsg.asp
523,陈晨,哈尔滨商业大学,web.archive.org/web/20060712034550/http://yz.dqt.com.cn/flack/zbsg.asp
524,赵然,哈尔滨商业大学,web.archive.org/web/20060712034550/http://yz.dqt.com.cn/flack/zbsg.asp
525,陈吉,哈尔滨商业大学,web.archive.org/web/20060712034550/http://yz.dqt.com.cn/flack/zbsg.asp
526,张羽,哈尔滨商业大学,web.archive.org/web/20060712034550/http://yz.dqt.com.cn/flack/zbsg.asp
527,王悦,哈尔滨商业大学,web.archive.org/web/20060712034550/http://yz.dqt.com.cn/flack/zbsg.asp
528,王宝权,哈尔滨商业大学,web.archive.org/web/20060712034550/http://yz.dqt.com.cn/flack/zbsg.asp
529,宁哲,哈尔滨商业大学,web.archive.org/web/20060712034550/http://yz.dqt.com.cn/flack/zbsg.asp
530,修涵,哈尔滨商业大学,web.archive.org/web/20060712034550/http://yz.dqt.com.cn/flack/zbsg.asp
531,王铭治,哈尔滨商业大学,web.archive.org/web/20060712034550/http://yz.dqt.com.cn/flack/zbsg.asp
532,李秀艳,哈尔滨商业大学,web.archive.org/web/20060712034550/http://yz.dqt.com.cn/flack/zbsg.asp
533,方妍,哈尔滨学院,web.archive.org/web/20060712034550/http://yz.dqt.com.cn/flack/zbsg.asp
534,刘赫佳,哈尔滨学院,web.archive.org/web/20060712034550/http://yz.dqt.com.cn/flack/zbsg.asp
535,臧晓慧,哈尔滨学院,web.archive.org/web/20060712034550/http://yz.dqt.com.cn/flack/zbsg.asp
536,李博,哈尔滨学院,web.archive.org/web/20060712034550/http://yz.dqt.com.cn/flack/zbsg.asp
537,王纪元,合肥工业大学,web.archive.org/web/20060712034550/http://yz.dqt.com.cn/flack/zbsg.asp
538,高亮,合肥工业大学,web.archive.org/web/20060712034550/http://yz.dqt.com.cn/flack/zbsg.asp
539,杨墨薇,河北承德医学院,web.archive.org/web/20060712034550/http://yz.dqt.com.cn/flack/zbsg.asp
540,彭艳,河南工业大学,web.archive.org/web/20060712034550/http://yz.dqt.com.cn/flack/zbsg.asp
541,彭艳,河南工业大学,web.archive.org/web/20060712034550/http://yz.dqt.com.cn/flack/zbsg.asp
542,曲峻莹,四川师范大学,web.archive.org/web/20060712034550/http://yz.dqt.com.cn/flack/zbsg.asp
543,彭耀冲,四川师范大学,web.archive.org/web/20060712034550/http://yz.dqt.com.cn/flack/zbsg.asp
544,刘洋,四川师范大学,web.archive.org/web/20060712034550/http://yz.dqt.com.cn/flack/zbsg.asp
545,周游,四川外语学院,web.archive.org/web/20060712034550/http://yz.dqt.com.cn/flack/zbsg.asp
546,王欣瑞,四川音乐学院,web.archive.org/web/20060712034550/http://yz.dqt.com.cn/flack/zbsg.asp
547,隋承伯,黑龙江八一农垦大学,web.archive.org/web/20060712034550/http://yz.dqt.com.cn/flack/zbsg.asp
548,徐飞,黑龙江八一农垦大学,web.archive.org/web/20060712034550/http://yz.dqt.com.cn/flack/zbsg.asp
549,倪石初,黑龙江八一农垦大学,web.archive.org/web/20060712034550/http://yz.dqt.com.cn/flack/zbsg.asp
550,唐彦峰,黑龙江八一农垦大学,web.archive.org/web/20060712034550/http://yz.dqt.com.cn/flack/zbsg.asp
551,张欣,东北大学东软信息学院,web.archive.org/web/20060712034550/http://yz.dqt.com.cn/flack/zbsg.asp
552,景明星,哈尔滨华夏计算机职业技术学院,web.archive.org/web/20060712034550/http://yz.dqt.com.cn/flack/zbsg.asp
553,黄爽,哈师大呼兰学院,web.archive.org/web/20060712034550/http://yz.dqt.com.cn/flack/zbsg.asp
554,田野,哈师大呼兰学院,web.archive.org/web/20060712034550/http://yz.dqt.com.cn/flack/zbsg.asp
555,张冶,河北北方学院,web.archive.org/web/20060712034550/http://yz.dqt.com.cn/flack/zbsg.asp
556,顾文海,黑龙江八一农垦大学,web.archive.org/web/20060712034550/http://yz.dqt.com.cn/flack/zbsg.asp
557,王洪超,黑龙江八一农垦大学,web.archive.org/web/20060712034550/http://yz.dqt.com.cn/flack/zbsg.asp
558,徐磊,黑龙江八一农垦大学,web.archive.org/web/20060712034550/http://yz.dqt.com.cn/flack/zbsg.asp
559,何欣,黑龙江八一农垦大学,web.archive.org/web/20060712034550/http://yz.dqt.com.cn/flack/zbsg.asp
560,孙力鹏,黑龙江八一农垦大学,web.archive.org/web/20060712034550/http://yz.dqt.com.cn/flack/zbsg.asp
561,修文峰,黑龙江东方学院,web.archive.org/web/20060712034550/http://yz.dqt.com.cn/flack/zbsg.asp
562,赵敬欣,黑龙江工程学院,web.archive.org/web/20060712034550/http://yz.dqt.com.cn/flack/zbsg.asp
563,孙立秋,黑龙江工程学院,web.archive.org/web/20060712034550/http://yz.dqt.com.cn/flack/zbsg.asp
564,池骋,黑龙江工程学院,web.archive.org/web/20060712034550/http://yz.dqt.com.cn/flack/zbsg.asp
565,孙则鑫,黑龙江工程学院,web.archive.org/web/20060712034550/http://yz.dqt.com.cn/flack/zbsg.asp
566,毕波,黑龙江工程学院,web.archive.org/web/20060712034550/http://yz.dqt.com.cn/flack/zbsg.asp
567,孙廉泰,黑龙江公安警官职业学校,web.archive.org/web/20060712034550/http://yz.dqt.com.cn/flack/zbsg.asp
568,史鹏,黑龙江省对外贸易学校,web.archive.org/web/20060712034550/http://yz.dqt.com.cn/flack/zbsg.asp
569,陈启明,黑龙江省对外贸易学校,web.archive.org/web/20060712034550/http://yz.dqt.com.cn/flack/zbsg.asp
570,陶冶,黑龙江省科技学院,web.archive.org/web/20060712034550/http://yz.dqt.com.cn/flack/zbsg.asp
571,段新亮,黑龙江省科技学院,web.archive.org/web/20060712034550/http://yz.dqt.com.cn/flack/zbsg.asp
572,孟凡宇,黑龙江省科技学院,web.archive.org/web/20060712034550/http://yz.dqt.com.cn/flack/zbsg.asp
573,刘金心,黑龙江省科技学院,web.archive.org/web/20060712034550/http://yz.dqt.com.cn/flack/zbsg.asp
574,商瀚博,黑龙江省科技学院,web.archive.org/web/20060712034550/http://yz.dqt.com.cn/flack/zbsg.asp
575,徐丹,衡阳师范学院,web.archive.org/web/20060712034550/http://yz.dqt.com.cn/flack/zbsg.asp
576,马智慧,莱阳农学院,web.archive.org/web/20060712034550/http://yz.dqt.com.cn/flack/zbsg.asp
577,孟冠辰,莱阳农学院,web.archive.org/web/20060712034550/http://yz.dqt.com.cn/flack/zbsg.asp
578,孙翔宇,牡丹江师范学院,web.archive.org/web/20060712034550/http://yz.dqt.com.cn/flack/zbsg.asp
579,郭文川,牡丹江医学院,web.archive.org/web/20060712034550/http://yz.dqt.com.cn/flack/zbsg.asp
580,王正阳,牡丹江医学院,web.archive.org/web/20060712034550/http://yz.dqt.com.cn/flack/zbsg.asp
581,张广亮,牡丹江医学院,web.archive.org/web/20060712034550/http://yz.dqt.com.cn/flack/zbsg.asp
582,田硕,内蒙古大学,web.archive.org/web/20060712034550/http://yz.dqt.com.cn/flack/zbsg.asp
583,崔鹏磊,内蒙古工业大学,web.archive.org/web/20060712034550/http://yz.dqt.com.cn/flack/zbsg.asp
584,吕红军,内蒙古农业大学,web.archive.org/web/20060712034550/http://yz.dqt.com.cn/flack/zbsg.asp
585,孙蓬,齐齐哈尔大学,web.archive.org/web/20060712034550/http://yz.dqt.com.cn/flack/zbsg.asp
586,孟令玉,齐齐哈尔大学,web.archive.org/web/20060712034550/http://yz.dqt.com.cn/flack/zbsg.asp
587,徐佳,齐齐哈尔大学,web.archive.org/web/20060712034550/http://yz.dqt.com.cn/flack/zbsg.asp
588,汪丽娜,齐齐哈尔大学,web.archive.org/web/20060712034550/http://yz.dqt.com.cn/flack/zbsg.asp
589,斐煜,齐齐哈尔大学,web.archive.org/web/20060712034550/http://yz.dqt.com.cn/flack/zbsg.asp
590,赵琦,齐齐哈尔大学,web.archive.org/web/20060712034550/http://yz.dqt.com.cn/flack/zbsg.asp
591,张文君,齐齐哈尔医学院,web.archive.org/web/20060712034550/http://yz.dqt.com.cn/flack/zbsg.asp
592,侯金钰,齐齐哈尔医学院,web.archive.org/web/20060712034550/http://yz.dqt.com.cn/flack/zbsg.asp
593,鲍黎明,齐齐哈尔医学院,web.archive.org/web/20060712034550/http://yz.dqt.com.cn/flack/zbsg.asp
594,王立军,齐齐哈尔医学院,web.archive.org/web/20060712034550/http://yz.dqt.com.cn/flack/zbsg.asp
595,周文,佳木斯大学,web.archive.org/web/20060712034550/http://yz.dqt.com.cn/flack/zbsg.asp
596,商立峰,佳木斯大学,web.archive.org/web/20060712034550/http://yz.dqt.com.cn/flack/zbsg.asp
597,刘越,佳木斯大学,web.archive.org/web/20060712034550/http://yz.dqt.com.cn/flack/zbsg.asp
598,张明,佳木斯大学,web.archive.org/web/20060712034550/http://yz.dqt.com.cn/flack/zbsg.asp
599,耿莹莹,燕山大学星仁学院,web.archive.org/web/20060712034550/http://yz.dqt.com.cn/flack/zbsg.asp
600,刘薇,大庆师范学院,web.archive.org/web/20060712034550/http://yz.dqt.com.cn/flack/zbsg.asp
601,宋键铭,大庆师范学院,web.archive.org/web/20060712034550/http://yz.dqt.com.cn/flack/zbsg.asp
602,唐继明,大庆师范学院,web.archive.org/web/20060712034550/http://yz.dqt.com.cn/flack/zbsg.asp
603,张文宇,大庆师范学院,web.archive.org/web/20060712034550/http://yz.dqt.com.cn/flack/zbsg.asp
604,季媛,大庆师范学院,web.archive.org/web/20060712034550/http://yz.dqt.com.cn/flack/zbsg.asp
605,魏传颍,大庆师范学院,web.archive.org/web/20060712034550/http://yz.dqt.com.cn/flack/zbsg.asp
606,李硕,大庆师范学院,web.archive.org/web/20060712034550/http://yz.dqt.com.cn/flack/zbsg.asp
607,刘红梅,大庆师范学院,web.archive.org/web/20060712034550/http://yz.dqt.com.cn/flack/zbsg.asp
608,魏长双,大庆师范学院,web.archive.org/web/20060712034550/http://yz.dqt.com.cn/flack/zbsg.asp
609,周雪,大庆师范学院,web.archive.org/web/20060712034550/http://yz.dqt.com.cn/flack/zbsg.asp
610,齐慧颍,大庆师范学院,web.archive.org/web/20060712034550/http://yz.dqt.com.cn/flack/zbsg.asp
611,陈晨,大庆师范学院,web.archive.org/web/20060712034550/http://yz.dqt.com.cn/flack/zbsg.asp
612,陶娟,大庆师范学院,web.archive.org/web/20060712034550/http://yz.dqt.com.cn/flack/zbsg.asp
613,苑晨,大庆师范学院,web.archive.org/web/20060712034550/http://yz.dqt.com.cn/flack/zbsg.asp
614,张德丽,大庆师范学院,web.archive.org/web/20060712034550/http://yz.dqt.com.cn/flack/zbsg.asp
615,彭磊,绥化学院,web.archive.org/web/20060712034550/http://yz.dqt.com.cn/flack/zbsg.asp
616,姜楠,绥化学院,web.archive.org/web/20060712034550/http://yz.dqt.com.cn/flack/zbsg.asp
