名次,科类,考号,姓名,总分,应往届,毕业学校,来源页
1,理科,103054764,马超,718,应届,哈三中,hrb3z.net/eoknews/xykx/20070706125915.htm
2,理科,103052498,孙鑫,706,应届,哈三中,hrb3z.net/eoknews/xykx/20070706125915.htm
3,理科,103050409,陈曦,704,往届,哈三中2006届毕业生,hrb3z.net/eoknews/xykx/20070706125915.htm
4,理科,103051371,石佳莹,700,应届,哈三中,hrb3z.net/eoknews/xykx/20070706125915.htm
5,理科,122051371,王小雪,700,往届,阿城一中（哈三中2006届毕业生）,hrb3z.net/eoknews/xykx/20070706125915.htm
6,理科,103053964,龙飞,698,应届,哈三中,hrb3z.net/eoknews/xykx/20070706125915.htm
7,理科,103055031,孙鹏,698,应届,哈三中,hrb3z.net/eoknews/xykx/20070706125915.htm
8,理科,103050968,陶文琪,697,应届,哈三中,hrb3z.net/eoknews/xykx/20070706125915.htm
9,理科,103052113,孙嘉琪,697,应届,师大附中,hrb3z.net/eoknews/xykx/20070706125915.htm
10,理科,103052190,任仕廷,696,应届,哈三中,hrb3z.net/eoknews/xykx/20070706125915.htm
11,理科,103054970,车德梦,696,应届,哈三中,hrb3z.net/eoknews/xykx/20070706125915.htm
12,理科,103053851,范婧瑶,696,应届,哈三中,hrb3z.net/eoknews/xykx/20070706125915.htm
13,理科,103052939,赵宇航,696,应届,哈三中,hrb3z.net/eoknews/xykx/20070706125915.htm
14,理科,103051853,申珊,696,应届,哈三中,hrb3z.net/eoknews/xykx/20070706125915.htm
15,理科,103053327,吴琼,695,应届,哈三中,hrb3z.net/eoknews/xykx/20070706125915.htm
16,理科,103052275,郭放,695,应届,哈三中,hrb3z.net/eoknews/xykx/20070706125915.htm
17,理科,103051915,李昆达,695,应届,师大附中,hrb3z.net/eoknews/xykx/20070706125915.htm
18,理科,124050031,赵欣月,695,应届,宾县一中,hrb3z.net/eoknews/xykx/20070706125915.htm
19,理科,103053458,顾源,694,应届,哈三中,hrb3z.net/eoknews/xykx/20070706125915.htm
20,理科,103055190,刘聪,694,应届,哈三中,hrb3z.net/eoknews/xykx/20070706125915.htm
21,理科,103052807,于龙海,694,应届,哈三中,hrb3z.net/eoknews/xykx/20070706125915.htm
22,理科,103652606,任彧,694,应届,哈三中,hrb3z.net/eoknews/xykx/20070706125915.htm
23,理科,103052858,于洋,693,应届,哈三中,hrb3z.net/eoknews/xykx/20070706125915.htm
24,理科,103053622,凌晖,693,应届,哈三中,hrb3z.net/eoknews/xykx/20070706125915.htm
25,理科,103051716,李卓璇,693,应届,哈三中,hrb3z.net/eoknews/xykx/20070706125915.htm
26,理科,126050556,温博,693,应届,双城兆麟中学,hrb3z.net/eoknews/xykx/20070706125915.htm
27,理科,103051961,尹航,692,应届,哈三中,hrb3z.net/eoknews/xykx/20070706125915.htm
28,理科,103052983,江雯婧,691,应届,哈三中,hrb3z.net/eoknews/xykx/20070706125915.htm
29,理科,103054576,田野,691,应届,哈三中,hrb3z.net/eoknews/xykx/20070706125915.htm
30,理科,103053835,张旭,691,应届,哈十三中,hrb3z.net/eoknews/xykx/20070706125915.htm
31,理科,106052932,王小丫,691,应届,哈九中,hrb3z.net/eoknews/xykx/20070706125915.htm
32,理科,103051148,孙维,690,应届,哈三中,hrb3z.net/eoknews/xykx/20070706125915.htm
33,理科,103051942,刘品,690,应届,师大附中,hrb3z.net/eoknews/xykx/20070706125915.htm
34,理科,128051474,孙红凯,690,应届,巴彦高级中学,hrb3z.net/eoknews/xykx/20070706125915.htm
35,理科,103053596,李纪为,689,应届,哈三中,hrb3z.net/eoknews/xykx/20070706125915.htm
36,理科,103054246,王国胤,689,应届,哈三中,hrb3z.net/eoknews/xykx/20070706125915.htm
37,理科,103050233,王赫然,689,应届,哈三中,hrb3z.net/eoknews/xykx/20070706125915.htm
38,理科,103053417,杨旭,689,应届,哈三中,hrb3z.net/eoknews/xykx/20070706125915.htm
39,理科,103054837,洪玉珑,689,应届,哈三中,hrb3z.net/eoknews/xykx/20070706125915.htm
40,理科,103050794,徐超,688,应届,哈三中,hrb3z.net/eoknews/xykx/20070706125915.htm
41,理科,103053787,程帅,688,应届,哈三中,hrb3z.net/eoknews/xykx/20070706125915.htm
42,理科,103052265,南昊,688,应届,哈三中,hrb3z.net/eoknews/xykx/20070706125915.htm
43,理科,103055025,付诗博,688,应届,哈三中,hrb3z.net/eoknews/xykx/20070706125915.htm
44,理科,126050517,何淼,688,应届,双城兆麟中学,hrb3z.net/eoknews/xykx/20070706125915.htm
45,理科,128051505,曹烁,688,往届,巴彦高级中学,hrb3z.net/eoknews/xykx/20070706125915.htm
46,理科,103054871,李竞岌,687,应届,哈三中,hrb3z.net/eoknews/xykx/20070706125915.htm
47,理科,103052233,王哲,687,应届,哈三中,hrb3z.net/eoknews/xykx/20070706125915.htm
48,理科,103050875,张远澄,687,应届,师大附中,hrb3z.net/eoknews/xykx/20070706125915.htm
49,理科,103050754,刘睿盈,687,应届,师大附中,hrb3z.net/eoknews/xykx/20070706125915.htm
50,理科,103654674,于雪崴,687,应届,师大附中,hrb3z.net/eoknews/xykx/20070706125915.htm
51,理科,103053176,王潇,686,应届,哈三中,hrb3z.net/eoknews/xykx/20070706125915.htm
52,理科,103052931,郭峰,686,应届,师大附中,hrb3z.net/eoknews/xykx/20070706125915.htm
53,理科,122050568,胡玉婷,686,应届,阿城一中,hrb3z.net/eoknews/xykx/20070706125915.htm
54,理科,131050527,苏圣然,686,应届,尚志中学,hrb3z.net/eoknews/xykx/20070706125915.htm
55,理科,103055004,冯婧,685,应届,哈三中,hrb3z.net/eoknews/xykx/20070706125915.htm
56,理科,103050369,王平平,685,应届,哈三中,hrb3z.net/eoknews/xykx/20070706125915.htm
57,理科,103052646,王枭,685,应届,师大附中,hrb3z.net/eoknews/xykx/20070706125915.htm
58,理科,127050198,宋天宇,685,应届,五常二中,hrb3z.net/eoknews/xykx/20070706125915.htm
59,理科,131051808,张强,685,应届,尚志中学,hrb3z.net/eoknews/xykx/20070706125915.htm
60,理科,103054314,董慧伦,684,应届,哈三中,hrb3z.net/eoknews/xykx/20070706125915.htm
61,理科,103054491,宋潮,684,应届,哈三中,hrb3z.net/eoknews/xykx/20070706125915.htm
62,理科,103051854,于歌,684,应届,师大附中,hrb3z.net/eoknews/xykx/20070706125915.htm
63,理科,103051652,刘铁男,683,应届,哈三中,hrb3z.net/eoknews/xykx/20070706125915.htm
64,理科,103053546,迟科萌,683,应届,师大附中,hrb3z.net/eoknews/xykx/20070706125915.htm
65,理科,103052340,戴宓,682,应届,哈三中,hrb3z.net/eoknews/xykx/20070706125915.htm
66,理科,103050999,李爽,682,应届,哈三中,hrb3z.net/eoknews/xykx/20070706125915.htm
67,理科,103053234,王雪鸥,682,应届,哈三中,hrb3z.net/eoknews/xykx/20070706125915.htm
68,理科,103053289,柳宇鹏,682,应届,哈三中,hrb3z.net/eoknews/xykx/20070706125915.htm
69,理科,103052225,王松泉,682,应届,哈三中,hrb3z.net/eoknews/xykx/20070706125915.htm
70,理科,103055041,聂照云,682,应届,哈三中,hrb3z.net/eoknews/xykx/20070706125915.htm
71,理科,103050591,张铁江,682,应届,振华高中,hrb3z.net/eoknews/xykx/20070706125915.htm
72,理科,103052586,黄丹阳,681,应届,哈三中,hrb3z.net/eoknews/xykx/20070706125915.htm
73,理科,103050595,付瑶,681,应届,师大附中,hrb3z.net/eoknews/xykx/20070706125915.htm
74,理科,103050477,王及,681,应届,师大附中,hrb3z.net/eoknews/xykx/20070706125915.htm
75,理科,103052435,张睿,681,应届,师大附中,hrb3z.net/eoknews/xykx/20070706125915.htm
76,理科,103054709,王然,681,应届,省实验中学,hrb3z.net/eoknews/xykx/20070706125915.htm
77,理科,103650577,徐腾,681,应届,哈三中,hrb3z.net/eoknews/xykx/20070706125915.htm
78,理科,122051498,赵光,681,应届,阿城一中,hrb3z.net/eoknews/xykx/20070706125915.htm
79,理科,127050061,姚舜,681,应届,五常二中,hrb3z.net/eoknews/xykx/20070706125915.htm
80,理科,132050010,张志明,681,应届,延寿一中,hrb3z.net/eoknews/xykx/20070706125915.htm
81,理科,103051665,王恩泽,680,应届,哈三中,hrb3z.net/eoknews/xykx/20070706125915.htm
82,理科,103051076,郁蔼,680,应届,哈三中,hrb3z.net/eoknews/xykx/20070706125915.htm
83,理科,103050725,赵瑜珩,680,应届,哈三中,hrb3z.net/eoknews/xykx/20070706125915.htm
84,理科,103054253,高松,680,应届,师大附中,hrb3z.net/eoknews/xykx/20070706125915.htm
85,理科,126051684,赵万龙,680,应届,双城兆麟中学,hrb3z.net/eoknews/xykx/20070706125915.htm
86,理科,131051440,王龙飞,680,应届,尚志中学,hrb3z.net/eoknews/xykx/20070706125915.htm
87,理科,103054024,李川,679,应届,哈三中,hrb3z.net/eoknews/xykx/20070706125915.htm
88,理科,103053704,聂宜文,679,应届,哈三中（国际部）,hrb3z.net/eoknews/xykx/20070706125915.htm
89,理科,103653300,张秋实,679,应届,哈三中,hrb3z.net/eoknews/xykx/20070706125915.htm
90,理科,103051044,刘诗章,679,应届,哈九中,hrb3z.net/eoknews/xykx/20070706125915.htm
91,理科,122050097,姜添朔,679,应届,阿城一中,hrb3z.net/eoknews/xykx/20070706125915.htm
92,理科,103051170,裴宪军,678,应届,哈三中（国际部）,hrb3z.net/eoknews/xykx/20070706125915.htm
93,理科,103054865,孙宏宇,678,应届,哈三中,hrb3z.net/eoknews/xykx/20070706125915.htm
94,理科,103051226,刘姝,678,应届,省实验中学,hrb3z.net/eoknews/xykx/20070706125915.htm
95,理科,122050019,周昀佳,678,应届,阿城一中,hrb3z.net/eoknews/xykx/20070706125915.htm
96,理科,122050041,刘壮,678,往届,阿城一中,hrb3z.net/eoknews/xykx/20070706125915.htm
97,理科,122051398,李文竹,678,应届,阿城一中,hrb3z.net/eoknews/xykx/20070706125915.htm
98,理科,124051171,李超,678,应届,宾县一中,hrb3z.net/eoknews/xykx/20070706125915.htm
99,理科,131050191,宋治海,678,应届,尚志中学,hrb3z.net/eoknews/xykx/20070706125915.htm
