名次,名字,分数,班级
1,王德浩,629.5,10班
2,姜健,625.0,11班
3,范丽娜,,2班
4,闫效宇,617.5,10班
5,王雪,610.5,8班
6,董晨,602,12班
7,甄孟妍,601,5班
8,李姗姗,601,11班
9,陈晶,600.5,11班
10,唐文杰,600,12班
11,王云慧,,2班
12,时公泽,,6班
13,孙佳,,7班
14,陈帅兵,,4班
15,焦蕾,,5班
16,王辰潇,,11班
17,郭建鑫,,8班
18,王世隆,594.5,
19,马迎新,,8班
20,李明秋,,11班
21,卓睿,,10班
22,陈欣,,10班
23,王宛茹,,10班
24,李祥江,,6班
25,李鑫,,1班
26,丘睿鹏,,8班
27,邓可欣,,10班
28,李诏,,9班
29,刘海鹏,,8班
30,刘天宇,,5班
31,于健,,保送
32,陆正,,保送
33,刘洋,,保送
34,付茂国,,保送
35,刘晓岑,,保送
36,于湛瑶,,保送
37,杨磊,,保送
38,李男,,保送
39,陈兆然,,保送
40,刘鑫涛,,保送
41,刘雯雯,,保送
42,吴彦鹏,,保送
