序号,姓名,录取学校,学校层次
1,邢妍,哈三中,省级重点中学
2,徐卓然,哈三中,省级重点中学
3,王明亮,哈三中,省级重点中学
4,沈惠天,哈三中,省级重点中学
5,季宇飞,哈三中,省级重点中学
6,李想,哈三中,省级重点中学
7,周佟彤,哈三中,省级重点中学
8,宋晨阳,哈三中,省级重点中学
9,马晔,哈三中,省级重点中学
10,胡天游,哈三中,省级重点中学
11,郭跃新,哈三中,省级重点中学
12,颉征,哈三中,省级重点中学
13,耿晨嫣,哈三中,省级重点中学
14,景洋,哈三中,省级重点中学
15,崔夕林,哈三中,省级重点中学
16,刘琪,哈三中,省级重点中学
17,田辰,哈三中,省级重点中学
18,陈添依,哈三中,省级重点中学
19,于文天,哈三中,省级重点中学
20,刘洁,哈三中,省级重点中学
21,周林,哈三中,省级重点中学
22,张愉晗,哈三中,省级重点中学
23,王乃实,哈三中,省级重点中学
24,王子晓,哈三中,省级重点中学
25,赵畅,哈三中,省级重点中学
26,杨莞姣,哈三中,省级重点中学
27,郝锐,哈三中,省级重点中学
28,陈希,哈师大附中,省级重点中学
29,王琦,哈师大附中,省级重点中学
30,徐向宇,哈师大附中,省级重点中学
31,何牧芷,哈师大附中,省级重点中学
32,廖文路,哈师大附中,省级重点中学
33,王芳琳,哈师大附中,省级重点中学
34,谢晓晨,哈师大附中,省级重点中学
35,姜逸涵,哈师大附中,省级重点中学
36,路一凡,哈师大附中,省级重点中学
37,曹玮琪,哈师大附中,省级重点中学
38,付文佳,哈师大附中,省级重点中学
39,王旭,哈师大附中,省级重点中学
40,裴航,哈师大附中,省级重点中学
41,魏昊琛,哈师大附中,省级重点中学
42,钟玥,哈师大附中,省级重点中学
43,何琳,哈师大附中,省级重点中学
44,朱姚,哈师大附中,省级重点中学
45,刘小溪,哈师大附中,省级重点中学
46,宋明阳,哈师大附中,省级重点中学
47,张欣然,哈师大附中,省级重点中学
48,王哲,哈师大附中,省级重点中学
49,宋昱衡,哈师大附中,省级重点中学
50,朱莉,哈师大附中,省级重点中学
51,陈宇,哈师大附中,省级重点中学
52,何天运,哈师大附中,省级重点中学
53,李晓阳,哈师大附中,省级重点中学
54,李久令,哈师大附中,省级重点中学
55,张霄月,哈师大附中,省级重点中学
56,房晗,哈师大附中,省级重点中学
57,潘思迈,哈师大附中,省级重点中学
58,张弥弘,哈师大附中,省级重点中学
59,蓝天,哈师大附中,省级重点中学
60,朱凯歌,哈师大附中,省级重点中学
61,徐中科,哈师大附中,省级重点中学
62,李高阳,哈师大附中,省级重点中学
63,赵泽平,哈师大附中,省级重点中学
64,刘嘉鑫,哈师大附中,省级重点中学
65,洪义,哈师大附中,省级重点中学
66,王瑞,哈师大附中,省级重点中学
67,吴迪,哈师大附中,省级重点中学
68,徐新,哈师大附中,省级重点中学
69,赵依仑,哈师大附中,省级重点中学
70,郭菲菲,哈九中,省级重点中学
71,田杨,哈九中,省级重点中学
72,王雅,哈九中,省级重点中学
73,王璐,哈九中,省级重点中学
74,杨雯琦,哈九中,省级重点中学
75,胡赢,哈九中,省级重点中学
76,陈雅超,哈九中,省级重点中学
77,徐漫,哈九中,省级重点中学
78,李翰丰,哈九中,省级重点中学
79,郝增辉,哈九中,省级重点中学
80,刘司慧,哈九中,省级重点中学
81,孙丽然,哈九中,省级重点中学
82,赵京楠,哈九中,省级重点中学
83,陈宇飞,哈九中,省级重点中学
84,张溪竹,哈九中,省级重点中学
85,于海琰,哈九中,省级重点中学
86,郑霞临,哈九中,省级重点中学
87,王卓,哈九中,省级重点中学
88,王研,哈九中,省级重点中学
89,杜鹏飞,哈九中,省级重点中学
90,李博,哈九中,省级重点中学
91,赵思淼,哈九中,省级重点中学
92,汪盛佳,哈九中,省级重点中学
93,王宇朦,哈九中,省级重点中学
94,王云龙,哈九中,省级重点中学
95,马旭,哈九中,省级重点中学
96,丁北晨,哈九中,省级重点中学
97,吕晓桐,哈九中,省级重点中学
98,庞秋斯,哈九中,省级重点中学
99,李季,哈九中,省级重点中学
100,王善巍,哈九中,省级重点中学
101,白景烨,哈九中,省级重点中学
102,李晓彤,哈六中,省级重点中学
103,周芮青,哈六中,省级重点中学
104,窦志洋,哈六中,省级重点中学
105,韩少洋,哈六中,省级重点中学
106,王菲莹,哈六中,省级重点中学
107,迟昊,哈六中,省级重点中学
108,吕超,哈六中,省级重点中学
109,邹翰超,哈六中,省级重点中学
110,淦泯,哈六中,省级重点中学
111,马蕊,哈六中,省级重点中学
112,徐乔青,哈六中,省级重点中学
113,王凯立,哈六中,省级重点中学
114,彭德峰,哈六中,省级重点中学
115,王天各,哈六中,省级重点中学
116,杨美奇,哈六中,省级重点中学
117,杨依隆,哈六中,省级重点中学
118,戴闯,哈六中,省级重点中学
119,周健,哈六中,省级重点中学
120,曲娜,省实验中学,省级重点中学
121,张家硕,省实验中学,省级重点中学
122,贺祖玉,省实验中学,省级重点中学
123,史云克,省实验中学,省级重点中学
124,莫轶博,省实验中学,省级重点中学
125,于斯文,省实验中学,省级重点中学
126,李雪,省实验中学,省级重点中学
127,王苏晓,省实验中学,省级重点中学
128,房文章,省实验中学,省级重点中学
129,陈春洋,省实验中学,省级重点中学
130,苏雪婷,省实验中学,省级重点中学
131,郭剑磊,省实验中学,省级重点中学
132,樊月,省实验中学,省级重点中学
133,高屹才,省实验中学,省级重点中学
134,王硕,省实验中学,省级重点中学
135,郎冠宇,省实验中学,省级重点中学
136,于丁,省实验中学,省级重点中学
137,葛天舒,省实验中学,省级重点中学
138,张惠言,省实验中学,省级重点中学
139,朱悦,省实验中学,省级重点中学
140,徐晓峰,省实验中学,省级重点中学
141,刘思彤,哈一中,省级重点中学
142,阎雪,哈一中,省级重点中学
143,庄元,哈一中,省级重点中学
144,徐郝良,哈一中,省级重点中学
145,刘洋,哈一中,省级重点中学
