分数段,全市人数,学校,该校人数,市区应届,外县,重读,来源页
680分以上,73,一中,10,10,,,yz.dqt.com.cn/2007/fenbu.htm（大庆一中「大庆市2007年高考高分段人数分布表」）
680分以上,73,铁人中学,21,9,7,5,yz.dqt.com.cn/2007/fenbu.htm（大庆一中「大庆市2007年高考高分段人数分布表」）
680分以上,73,实验中学,39,9,10,20,yz.dqt.com.cn/2007/fenbu.htm（大庆一中「大庆市2007年高考高分段人数分布表」）
680分以上,73,四中,2,,,,yz.dqt.com.cn/2007/fenbu.htm（大庆一中「大庆市2007年高考高分段人数分布表」）
680分以上,73,大庆中学,1,,,,yz.dqt.com.cn/2007/fenbu.htm（大庆一中「大庆市2007年高考高分段人数分布表」）
690分以上,27,一中,5,5,,,yz.dqt.com.cn/2007/fenbu.htm（大庆一中「大庆市2007年高考高分段人数分布表」）
690分以上,27,铁人中学,6,3,2,1,yz.dqt.com.cn/2007/fenbu.htm（大庆一中「大庆市2007年高考高分段人数分布表」）
690分以上,27,实验中学,15,3,3,9,yz.dqt.com.cn/2007/fenbu.htm（大庆一中「大庆市2007年高考高分段人数分布表」）
690分以上,27,四中,1,,,,yz.dqt.com.cn/2007/fenbu.htm（大庆一中「大庆市2007年高考高分段人数分布表」）
